,bhsa2021_word_n,book,chapter,verse,bhsa_text,voc_lex_utf8,HStrong,freq_lex
298165,298166,Abdias,1,1,חֲזֹ֖ון ,חָזֹון,H2377,35
298166,298167,Abdias,1,1,עֹֽבַדְיָ֑ה ,עֹבַדְיָה,H5662,11
298167,298168,Abdias,1,1,כֹּֽה־,כֹּה,H3541,577
298168,298169,Abdias,1,1,אָמַר֩ ,אמר,H559,5307
298169,298170,Abdias,1,1,אֲדֹנָ֨י ,אֲדֹנָי,H136,438
298170,298171,Abdias,1,1,יְהוִ֜ה ,יְהוָה,H3068,6828
298171,298172,Abdias,1,1,לֶ,לְ,H9005,20069
298172,298173,Abdias,1,1,אֱדֹ֗ום ,אֱדֹום,H123,100
298173,298174,Abdias,1,1,שְׁמוּעָ֨ה ,שְׁמוּעָה,H8052,27
298174,298175,Abdias,1,1,שָׁמַ֜עְנוּ ,שׁמע,H8085,1159
298175,298176,Abdias,1,1,מֵ,מִן,H4480,7562
298176,298177,Abdias,1,1,אֵ֤ת ,אֵת,H853,878
298177,298178,Abdias,1,1,יְהוָה֙ ,יְהוָה,H3069,6828
298178,298179,Abdias,1,1,וְ,וְ,H9000,50272
298179,298180,Abdias,1,1,צִיר֙ ,צִיר,H6735,6
298180,298181,Abdias,1,1,בַּ,בְּ,H9003,15542
298181,298182,Abdias,1,1,,הַ,H9009,30386
298182,298183,Abdias,1,1,גֹּויִ֣ם ,גֹּוי,H1471,555
298183,298184,Abdias,1,1,שֻׁלָּ֔ח ,שׁלח,H7971,847
298184,298185,Abdias,1,1,ק֛וּמוּ ,קום,H6965,629
298185,298186,Abdias,1,1,וְ,וְ,H9000,50272
298186,298187,Abdias,1,1,נָק֥וּמָה ,קום,H6965,629
298187,298188,Abdias,1,1,עָלֶ֖יהָ ,עַל,H5921,5766
298188,298189,Abdias,1,1,לַ,לְ,H9005,20069
298189,298190,Abdias,1,1,,הַ,H9009,30386
298190,298191,Abdias,1,1,מִּלְחָמָֽה׃ ,מִלְחָמָה,H4421,308
298191,298192,Abdias,1,2,הִנֵּ֥ה ,הִנֵּה,H2009,1060
298192,298193,Abdias,1,2,קָטֹ֛ן ,קָטֹן,H6996,54
298193,298194,Abdias,1,2,נְתַתִּ֖יךָ ,נתן,H5414,2010
298194,298195,Abdias,1,2,בַּ,בְּ,H9003,15542
298195,298196,Abdias,1,2,,הַ,H9009,30386
298196,298197,Abdias,1,2,גֹּויִ֑ם ,גֹּוי,H1471,555
298197,298198,Abdias,1,2,בָּז֥וּי ,בזה,H959,43
298198,298199,Abdias,1,2,אַתָּ֖ה ,אַתָּה,H859,747
298199,298200,Abdias,1,2,מְאֹֽד׃ ,מְאֹד,H3966,300
298200,298201,Abdias,1,3,זְדֹ֤ון ,זָדֹון,H2087,11
298201,298202,Abdias,1,3,לִבְּךָ֙ ,לֵב,H3820,601
298202,298203,Abdias,1,3,הִשִּׁיאֶ֔ךָ ,נשׁא,H5377,16
298203,298204,Abdias,1,3,שֹׁכְנִ֥י ,שׁכן,H7931,129
298204,298205,Abdias,1,3,בְ,בְּ,H9003,15542
298205,298206,Abdias,1,3,חַגְוֵי־,חָגוּ,H2288,3
298206,298207,Abdias,1,3,סֶּ֖לַע ,סֶלַע,H5553,60
298207,298208,Abdias,1,3,מְרֹ֣ום ,מָרֹום,H4791,54
298208,298209,Abdias,1,3,שִׁבְתֹּ֑ו ,ישׁב,H7674,1082
298209,298210,Abdias,1,3,אֹמֵ֣ר ,אמר,H559,5307
298210,298211,Abdias,1,3,בְּ,בְּ,H9003,15542
298211,298212,Abdias,1,3,לִבֹּ֔ו ,לֵב,H3820,601
298212,298213,Abdias,1,3,מִ֥י ,מִי,H4310,423
298213,298214,Abdias,1,3,יֹורִדֵ֖נִי ,ירד,H3381,377
298214,298215,Abdias,1,3,אָֽרֶץ׃ ,אֶרֶץ,H776,2504
298215,298216,Abdias,1,4,אִם־,אִם,H518,1068
298216,298217,Abdias,1,4,תַּגְבִּ֣יהַּ ,גָּבַהּ,H1361,34
298217,298218,Abdias,1,4,כַּ,כְּ,H9004,2902
298218,298219,Abdias,1,4,,הַ,H9009,30386
298219,298220,Abdias,1,4,נֶּ֔שֶׁר ,נֶשֶׁר,H5404,26
298220,298221,Abdias,1,4,וְ,וְ,H9000,50272
298221,298222,Abdias,1,4,אִם־,אִם,H518,1068
298222,298223,Abdias,1,4,בֵּ֥ין ,בַּיִן,H996,407
298223,298224,Abdias,1,4,כֹּֽוכָבִ֖ים ,כֹּוכָב,H3556,37
298224,298225,Abdias,1,4,שִׂ֣ים ,שׂים,H7760,583
298225,298226,Abdias,1,4,קִנֶּ֑ךָ ,קֵן,H7064,13
298226,298227,Abdias,1,4,מִ,מִן,H4480,7562
298227,298228,Abdias,1,4,שָּׁ֥ם ,שָׁם,H8033,834
298228,298229,Abdias,1,4,אֹורִֽידְךָ֖ ,ירד,H3381,377
298229,298230,Abdias,1,4,נְאֻם־,נְאֻם,H5002,376
298230,298231,Abdias,1,4,יְהוָֽה׃ ,יְהוָה,H3068,6828
298231,298232,Abdias,1,5,אִם־,אִם,H518,1068
298232,298233,Abdias,1,5,גַּנָּבִ֤ים ,גַּנָּב,H1590,17
298233,298234,Abdias,1,5,בָּאֽוּ־,בוא,H935,2570
298234,298235,Abdias,1,5,לְךָ֙ ,לְ,H9005,20069
298235,298236,Abdias,1,5,אִם־,אִם,H518,1068
298236,298237,Abdias,1,5,שֹׁ֣ודְדֵי ,שׁדד,H7703,58
298237,298238,Abdias,1,5,לַ֔יְלָה ,לַיְלָה,H3915,227
298238,298239,Abdias,1,5,אֵ֣יךְ ,אֵיךְ,H349,61
298239,298240,Abdias,1,5,נִדְמֵ֔יתָה ,דמה,H1820,16
298240,298241,Abdias,1,5,הֲ,הֲ,H9008,743
298241,298242,Abdias,1,5,לֹ֥וא ,לֹא,H3808,5167
298242,298243,Abdias,1,5,יִגְנְב֖וּ ,גנב,H1589,40
298243,298244,Abdias,1,5,דַּיָּ֑ם ,דַּי,H1767,39
298244,298245,Abdias,1,5,אִם־,אִם,H518,1068
298245,298246,Abdias,1,5,בֹּֽצְרִים֙ ,בצר,H1219,7
298246,298247,Abdias,1,5,בָּ֣אוּ ,בוא,H935,2570
298247,298248,Abdias,1,5,לָ֔ךְ ,לְ,H9005,20069
298248,298249,Abdias,1,5,הֲ,הֲ,H9008,743
298249,298250,Abdias,1,5,לֹ֖וא ,לֹא,H3808,5167
298250,298251,Abdias,1,5,יַשְׁאִ֥ירוּ ,שׁאר,H7604,133
298251,298252,Abdias,1,5,עֹלֵלֹֽות׃ ,עֹלֵלֹות,H5955,6
298252,298253,Abdias,1,6,אֵ֚יךְ ,אֵיךְ,H349,61
298253,298254,Abdias,1,6,נֶחְפְּשׂ֣וּ ,חפשׂ,H2664,23
298254,298255,Abdias,1,6,עֵשָׂ֔ו ,עֵשָׂו,H6215,97
298255,298256,Abdias,1,6,נִבְע֖וּ ,בעה,H1158,5
298256,298257,Abdias,1,6,מַצְפֻּנָֽיו׃ ,מַצְפּוּנִים,H4710,1
298257,298258,Abdias,1,7,עַֽד־,עַד,H5704,1263
298258,298259,Abdias,1,7,הַ,הַ,H9009,30386
298259,298260,Abdias,1,7,גְּב֣וּל ,גְּבוּל,H1366,240
298260,298261,Abdias,1,7,שִׁלְּח֗וּךָ ,שׁלח,H7971,847
298261,298262,Abdias,1,7,כֹּ֚ל ,כֹּל,H3605,5412
298262,298263,Abdias,1,7,אַנְשֵׁ֣י ,אִישׁ,H582,2186
298263,298264,Abdias,1,7,בְרִיתֶ֔ךָ ,בְּרִית,H1285,284
298264,298265,Abdias,1,7,הִשִּׁיא֛וּךָ ,נשׁא,H5377,16
298265,298266,Abdias,1,7,יָכְל֥וּ ,יכל,H3201,193
298266,298267,Abdias,1,7,לְךָ֖ ,לְ,H9005,20069
298267,298268,Abdias,1,7,אַנְשֵׁ֣י ,אִישׁ,H582,2186
298268,298269,Abdias,1,7,שְׁלֹמֶ֑ךָ ,שָׁלֹום,H7965,237
298269,298270,Abdias,1,7,לַחְמְךָ֗ ,לֶחֶם,H3899,298
298270,298271,Abdias,1,7,יָשִׂ֤ימוּ ,שׂים,H7760,583
298271,298272,Abdias,1,7,מָזֹור֙ ,מָזֹור,H4204,1
298272,298273,Abdias,1,7,תַּחְתֶּ֔יךָ ,תַּחַת,H8478,505
298273,298274,Abdias,1,7,אֵ֥ין ,אַיִן,H369,788
298274,298275,Abdias,1,7,תְּבוּנָ֖ה ,תְּבוּנָה,H8394,42
298275,298276,Abdias,1,7,בֹּֽו׃ ,בְּ,H9003,15542
298276,298277,Abdias,1,8,הֲ,הֲ,H9008,743
298277,298278,Abdias,1,8,לֹ֛וא ,לֹא,H3808,5167
298278,298279,Abdias,1,8,בַּ,בְּ,H9003,15542
298279,298280,Abdias,1,8,,הַ,H9009,30386
298280,298281,Abdias,1,8,יֹּ֥ום ,יֹום,H3117,2304
298281,298282,Abdias,1,8,הַ,הַ,H9009,30386
298282,298283,Abdias,1,8,ה֖וּא ,הוּא,H1931,1394
298283,298284,Abdias,1,8,נְאֻם ,נְאֻם,H5002,376
298284,298285,Abdias,1,8,יְהוָ֑ה ,יְהוָה,H3068,6828
298285,298286,Abdias,1,8,וְ,וְ,H9000,50272
298286,298287,Abdias,1,8,הַאֲבַדְתִּ֤י ,אבד,H6,186
298287,298288,Abdias,1,8,חֲכָמִים֙ ,חָכָם,H2450,138
298288,298289,Abdias,1,8,מֵֽ,מִן,H4480,7562
298289,298290,Abdias,1,8,אֱדֹ֔ום ,אֱדֹום,H123,100
298290,298291,Abdias,1,8,וּ,וְ,H9000,50272
298291,298292,Abdias,1,8,תְבוּנָ֖ה ,תְּבוּנָה,H8394,42
298292,298293,Abdias,1,8,מֵ,מִן,H4480,7562
298293,298294,Abdias,1,8,הַ֥ר ,הַר,H2022,558
298294,298295,Abdias,1,8,עֵשָֽׂו׃ ,עֵשָׂו,H6215,97
298295,298296,Abdias,1,9,וְ,וְ,H9000,50272
298296,298297,Abdias,1,9,חַתּ֥וּ ,חתת,H2865,54
298297,298298,Abdias,1,9,גִבֹּורֶ֖יךָ ,גִּבֹּור,H1368,159
298298,298299,Abdias,1,9,תֵּימָ֑ן ,תֵּימָן,H8487,11
298299,298300,Abdias,1,9,לְמַ֧עַן ,לְמַעַן,H4616,272
298300,298301,Abdias,1,9,יִכָּֽרֶת־,כרת,H3772,288
298301,298302,Abdias,1,9,אִ֛ישׁ ,אִישׁ,H376,2186
298302,298303,Abdias,1,9,מֵ,מִן,H4480,7562
298303,298304,Abdias,1,9,הַ֥ר ,הַר,H2022,558
298304,298305,Abdias,1,9,עֵשָׂ֖ו ,עֵשָׂו,H6215,97
298305,298306,Abdias,1,9,מִ,מִן,H4480,7562
298306,298307,Abdias,1,9,קָּֽטֶל׃ ,קֶטֶל,H6993,1
298307,298308,Abdias,1,10,מֵ,מִן,H4480,7562
298308,298309,Abdias,1,10,חֲמַ֛ס ,חָמָס,H2555,60
298309,298310,Abdias,1,10,אָחִ֥יךָ ,אָח,H251,629
298310,298311,Abdias,1,10,יַעֲקֹ֖ב ,יַעֲקֹב,H3290,349
298311,298312,Abdias,1,10,תְּכַסְּךָ֣ ,כסה,H3680,152
298312,298313,Abdias,1,10,בוּשָׁ֑ה ,בּוּשָׁה,H955,4
298313,298314,Abdias,1,10,וְ,וְ,H9000,50272
298314,298315,Abdias,1,10,נִכְרַ֖תָּ ,כרת,H3772,288
298315,298316,Abdias,1,10,לְ,לְ,H9005,20069
298316,298317,Abdias,1,10,עֹולָֽם׃ ,עֹולָם,H5769,438
298317,298318,Abdias,1,11,בְּ,בְּ,H9003,15542
298318,298319,Abdias,1,11,יֹום֙ ,יֹום,H3117,2304
298319,298320,Abdias,1,11,עֲמָֽדְךָ֣ ,עמד,H5975,521
298320,298321,Abdias,1,11,מִ,מִן,H4480,7562
298321,298322,Abdias,1,11,נֶּ֔גֶד ,נֶגֶד,H5048,151
298322,298323,Abdias,1,11,בְּ,בְּ,H9003,15542
298323,298324,Abdias,1,11,יֹ֛ום ,יֹום,H3117,2304
298324,298325,Abdias,1,11,שְׁבֹ֥ות ,שׁבה,H7617,47
298325,298326,Abdias,1,11,זָרִ֖ים ,זָר,H2114,70
298326,298327,Abdias,1,11,חֵילֹ֑ו ,חַיִל,H2428,244
298327,298328,Abdias,1,11,וְ,וְ,H9000,50272
298328,298329,Abdias,1,11,נָכְרִ֞ים ,נָכְרִי,H5237,45
298329,298330,Abdias,1,11,בָּ֣אוּ ,בוא,H935,2570
298330,298331,Abdias,1,11,<QR>שְׁעָרָ֗יו <qr>,שַׁעַר,H8179,374
298331,298332,Abdias,1,11,וְ,וְ,H9000,50272
298332,298333,Abdias,1,11,עַל־,עַל,H5921,5766
298333,298334,Abdias,1,11,יְרוּשָׁלִַ֨ם֙ ,יְרוּשָׁלִַם,H3389,643
298334,298335,Abdias,1,11,יַדּ֣וּ ,ידד,H3032,3
298335,298336,Abdias,1,11,גֹורָ֔ל ,גֹּורָל,H1486,77
298336,298337,Abdias,1,11,גַּם־,גַּם,H1571,769
298337,298338,Abdias,1,11,אַתָּ֖ה ,אַתָּה,H859,747
298338,298339,Abdias,1,11,כְּ,כְּ,H9004,2902
298339,298340,Abdias,1,11,אַחַ֥ד ,אֶחָד,H259,970
298340,298341,Abdias,1,11,מֵהֶֽם׃ ,מִן,H1992,7562
298341,298342,Abdias,1,12,וְ,וְ,H9000,50272
298342,298343,Abdias,1,12,אַל־,אַל,H408,726
298343,298344,Abdias,1,12,תֵּ֤רֶא ,ראה,H7200,1298
298344,298345,Abdias,1,12,בְ,בְּ,H9003,15542
298345,298346,Abdias,1,12,יֹום־,יֹום,H3117,2304
298346,298347,Abdias,1,12,אָחִ֨יךָ֙ ,אָח,H251,629
298347,298348,Abdias,1,12,בְּ,בְּ,H9003,15542
298348,298349,Abdias,1,12,יֹ֣ום ,יֹום,H3117,2304
298349,298350,Abdias,1,12,נָכְרֹ֔ו ,נֵכֶר,H5237,2
298350,298351,Abdias,1,12,וְ,וְ,H9000,50272
298351,298352,Abdias,1,12,אַל־,אַל,H408,726
298352,298353,Abdias,1,12,תִּשְׂמַ֥ח ,שׂמח,H8055,154
298353,298354,Abdias,1,12,לִ,לְ,H9005,20069
298354,298355,Abdias,1,12,בְנֵֽי־,בֵּן,H1121,4937
298355,298356,Abdias,1,12,יְהוּדָ֖ה ,יְהוּדָה,H3063,819
298356,298357,Abdias,1,12,בְּ,בְּ,H9003,15542
298357,298358,Abdias,1,12,יֹ֣ום ,יֹום,H3117,2304
298358,298359,Abdias,1,12,אָבְדָ֑ם ,אבד,H6,186
298359,298360,Abdias,1,12,וְ,וְ,H9000,50272
298360,298361,Abdias,1,12,אַל־,אַל,H408,726
298361,298362,Abdias,1,12,תַּגְדֵּ֥ל ,גדל,H1431,117
298362,298363,Abdias,1,12,פִּ֖יךָ ,פֶּה,H6310,498
298363,298364,Abdias,1,12,בְּ,בְּ,H9003,15542
298364,298365,Abdias,1,12,יֹ֥ום ,יֹום,H3117,2304
298365,298366,Abdias,1,12,צָרָֽה׃ ,צָרָה,H6869,72
298366,298367,Abdias,1,13,אַל־,אַל,H408,726
298367,298368,Abdias,1,13,תָּבֹ֤וא ,בוא,H935,2570
298368,298369,Abdias,1,13,בְ,בְּ,H9003,15542
298369,298370,Abdias,1,13,שַֽׁעַר־,שַׁעַר,H8179,374
298370,298371,Abdias,1,13,עַמִּי֙ ,עַם,H5971,1866
298371,298372,Abdias,1,13,בְּ,בְּ,H9003,15542
298372,298373,Abdias,1,13,יֹ֣ום ,יֹום,H3117,2304
298373,298374,Abdias,1,13,אֵידָ֔ם ,אֵיד,H343,24
298374,298375,Abdias,1,13,אַל־,אַל,H408,726
298375,298376,Abdias,1,13,תֵּ֧רֶא ,ראה,H7200,1298
298376,298377,Abdias,1,13,גַם־,גַּם,H1571,769
298377,298378,Abdias,1,13,אַתָּ֛ה ,אַתָּה,H859,747
298378,298379,Abdias,1,13,בְּ,בְּ,H9003,15542
298379,298380,Abdias,1,13,רָעָתֹ֖ו ,רָעָה,H7451,313
298380,298381,Abdias,1,13,בְּ,בְּ,H9003,15542
298381,298382,Abdias,1,13,יֹ֣ום ,יֹום,H3117,2304
298382,298383,Abdias,1,13,אֵידֹ֑ו ,אֵיד,H343,24
298383,298384,Abdias,1,13,וְ,וְ,H9000,50272
298384,298385,Abdias,1,13,אַל־,אַל,H408,726
298385,298386,Abdias,1,13,תִּשְׁלַ֥חְנָה ,שׁלח,H7971,847
298386,298387,Abdias,1,13,בְ,בְּ,H9003,15542
298387,298388,Abdias,1,13,חֵילֹ֖ו ,חַיִל,H2428,244
298388,298389,Abdias,1,13,בְּ,בְּ,H9003,15542
298389,298390,Abdias,1,13,יֹ֥ום ,יֹום,H3117,2304
298390,298391,Abdias,1,13,אֵידֹֽו׃ ,אֵיד,H343,24
298391,298392,Abdias,1,14,וְ,וְ,H9000,50272
298392,298393,Abdias,1,14,אַֽל־,אַל,H408,726
298393,298394,Abdias,1,14,תַּעֲמֹד֙ ,עמד,H5975,521
298394,298395,Abdias,1,14,עַל־,עַל,H5921,5766
298395,298396,Abdias,1,14,הַ,הַ,H9009,30386
298396,298397,Abdias,1,14,פֶּ֔רֶק ,פֶּרֶק,H6563,2
298397,298398,Abdias,1,14,לְ,לְ,H9005,20069
298398,298399,Abdias,1,14,הַכְרִ֖ית ,כרת,H3772,288
298399,298400,Abdias,1,14,אֶת־,אֵת,H853,10987
298400,298401,Abdias,1,14,פְּלִיטָ֑יו ,פָּלִיט,H6412,19
298401,298402,Abdias,1,14,וְ,וְ,H9000,50272
298402,298403,Abdias,1,14,אַל־,אַל,H408,726
298403,298404,Abdias,1,14,תַּסְגֵּ֥ר ,סגר,H5462,83
298404,298405,Abdias,1,14,שְׂרִידָ֖יו ,שָׂרִיד,H8300,28
298405,298406,Abdias,1,14,בְּ,בְּ,H9003,15542
298406,298407,Abdias,1,14,יֹ֥ום ,יֹום,H3117,2304
298407,298408,Abdias,1,14,צָרָֽה׃ ,צָרָה,H6869,72
298408,298409,Abdias,1,15,כִּֽי־,כִּי,H3588,4483
298409,298410,Abdias,1,15,קָרֹ֥וב ,קָרֹוב,H7138,76
298410,298411,Abdias,1,15,יֹום־,יֹום,H3117,2304
298411,298412,Abdias,1,15,יְהוָ֖ה ,יְהוָה,H3068,6828
298412,298413,Abdias,1,15,עַל־,עַל,H5921,5766
298413,298414,Abdias,1,15,כָּל־,כֹּל,H3605,5412
298414,298415,Abdias,1,15,הַ,הַ,H9009,30386
298415,298416,Abdias,1,15,גֹּויִ֑ם ,גֹּוי,H1471,555
298416,298417,Abdias,1,15,כַּ,כְּ,H9004,2902
298417,298418,Abdias,1,15,אֲשֶׁ֤ר ,אֲשֶׁר,H834,5500
298418,298419,Abdias,1,15,עָשִׂ֨יתָ֙ ,עשׂה,H6213,2629
298419,298420,Abdias,1,15,יֵעָ֣שֶׂה ,עשׂה,H6213,2629
298420,298421,Abdias,1,15,לָּ֔ךְ ,לְ,H9005,20069
298421,298422,Abdias,1,15,גְּמֻלְךָ֖ ,גְּמוּל,H1576,19
298422,298423,Abdias,1,15,יָשׁ֥וּב ,שׁוב,H7725,1038
298423,298424,Abdias,1,15,בְּ,בְּ,H9003,15542
298424,298425,Abdias,1,15,רֹאשֶֽׁךָ׃ ,רֹאשׁ,H7218,599
298425,298426,Abdias,1,16,כִּ֗י ,כִּי,H3588,4483
298426,298427,Abdias,1,16,כַּֽ,כְּ,H9004,2902
298427,298428,Abdias,1,16,אֲשֶׁ֤ר ,אֲשֶׁר,H834,5500
298428,298429,Abdias,1,16,שְׁתִיתֶם֙ ,שׁתה,H8354,217
298429,298430,Abdias,1,16,עַל־,עַל,H5921,5766
298430,298431,Abdias,1,16,הַ֣ר ,הַר,H2022,558
298431,298432,Abdias,1,16,קָדְשִׁ֔י ,קֹדֶשׁ,H6944,469
298432,298433,Abdias,1,16,יִשְׁתּ֥וּ ,שׁתה,H8354,217
298433,298434,Abdias,1,16,כָֽל־,כֹּל,H3605,5412
298434,298435,Abdias,1,16,הַ,הַ,H9009,30386
298435,298436,Abdias,1,16,גֹּויִ֖ם ,גֹּוי,H1471,555
298436,298437,Abdias,1,16,תָּמִ֑יד ,תָּמִיד,H8548,104
298437,298438,Abdias,1,16,וְ,וְ,H9000,50272
298438,298439,Abdias,1,16,שָׁת֣וּ ,שׁתה,H8354,217
298439,298440,Abdias,1,16,וְ,וְ,H9000,50272
298440,298441,Abdias,1,16,לָע֔וּ ,לעע,H3886,1
298441,298442,Abdias,1,16,וְ,וְ,H9000,50272
298442,298443,Abdias,1,16,הָי֖וּ ,היה,H1961,3561
298443,298444,Abdias,1,16,כְּ,כְּ,H9004,2902
298444,298445,Abdias,1,16,לֹ֥וא ,לֹא,H3808,5167
298445,298446,Abdias,1,16,הָיֽוּ׃ ,היה,H1961,3561
298446,298447,Abdias,1,17,וּ,וְ,H9000,50272
298447,298448,Abdias,1,17,בְ,בְּ,H9003,15542
298448,298449,Abdias,1,17,הַ֥ר ,הַר,H2022,558
298449,298450,Abdias,1,17,צִיֹּ֛ון ,צִיֹּון,H6726,154
298450,298451,Abdias,1,17,תִּהְיֶ֥ה ,היה,H1961,3561
298451,298452,Abdias,1,17,פְלֵיטָ֖ה ,פְּלֵיטָה,H6413,28
298452,298453,Abdias,1,17,וְ,וְ,H9000,50272
298453,298454,Abdias,1,17,הָ֣יָה ,היה,H1961,3561
298454,298455,Abdias,1,17,קֹ֑דֶשׁ ,קֹדֶשׁ,H6944,469
298455,298456,Abdias,1,17,וְ,וְ,H9000,50272
298456,298457,Abdias,1,17,יָֽרְשׁוּ֙ ,ירשׁ,H3423,231
298457,298458,Abdias,1,17,בֵּ֣ית ,בַּיִת,H1004,2063
298458,298459,Abdias,1,17,יַֽעֲקֹ֔ב ,יַעֲקֹב,H3290,349
298459,298460,Abdias,1,17,אֵ֖ת ,אֵת,H853,10987
298460,298461,Abdias,1,17,מֹורָֽשֵׁיהֶם׃ ,מֹורָשׁ,H4180,2
298461,298462,Abdias,1,18,וְ,וְ,H9000,50272
298462,298463,Abdias,1,18,הָיָה֩ ,היה,H1961,3561
298463,298464,Abdias,1,18,בֵית־,בַּיִת,H1004,2063
298464,298465,Abdias,1,18,יַעֲקֹ֨ב ,יַעֲקֹב,H3290,349
298465,298466,Abdias,1,18,אֵ֜שׁ ,אֵשׁ,H784,378
298466,298467,Abdias,1,18,וּ,וְ,H9000,50272
298467,298468,Abdias,1,18,בֵ֧ית ,בַּיִת,H1004,2063
298468,298469,Abdias,1,18,יֹוסֵ֣ף ,יֹוסֵף,H3130,213
298469,298470,Abdias,1,18,לֶהָבָ֗ה ,לֶהָבָה,H3852,17
298470,298471,Abdias,1,18,וּ,וְ,H9000,50272
298471,298472,Abdias,1,18,בֵ֤ית ,בַּיִת,H1004,2063
298472,298473,Abdias,1,18,עֵשָׂו֙ ,עֵשָׂו,H6215,97
298473,298474,Abdias,1,18,לְ,לְ,H9005,20069
298474,298475,Abdias,1,18,קַ֔שׁ ,קַשׁ,H7179,16
298475,298476,Abdias,1,18,וְ,וְ,H9000,50272
298476,298477,Abdias,1,18,דָלְק֥וּ ,דלק,H1814,9
298477,298478,Abdias,1,18,בָהֶ֖ם ,בְּ,H9003,15542
298478,298479,Abdias,1,18,וַ,וְ,H9000,50272
298479,298480,Abdias,1,18,אֲכָל֑וּם ,אכל,H398,810
298480,298481,Abdias,1,18,וְ,וְ,H9000,50272
298481,298482,Abdias,1,18,לֹֽא־,לֹא,H3808,5167
298482,298483,Abdias,1,18,יִהְיֶ֤ה ,היה,H1961,3561
298483,298484,Abdias,1,18,שָׂרִיד֙ ,שָׂרִיד,H8300,28
298484,298485,Abdias,1,18,לְ,לְ,H9005,20069
298485,298486,Abdias,1,18,בֵ֣ית ,בַּיִת,H1004,2063
298486,298487,Abdias,1,18,עֵשָׂ֔ו ,עֵשָׂו,H6215,97
298487,298488,Abdias,1,18,כִּ֥י ,כִּי,H3588,4483
298488,298489,Abdias,1,18,יְהוָ֖ה ,יְהוָה,H3068,6828
298489,298490,Abdias,1,18,דִּבֵּֽר׃ ,דבר,H1696,1138
298490,298491,Abdias,1,19,וְ,וְ,H9000,50272
298491,298492,Abdias,1,19,יָרְשׁ֨וּ ,ירשׁ,H3423,231
298492,298493,Abdias,1,19,הַ,הַ,H9009,30386
298493,298494,Abdias,1,19,נֶּ֜גֶב ,נֶגֶב,H5045,112
298494,298495,Abdias,1,19,אֶת־,אֵת,H853,10987
298495,298496,Abdias,1,19,הַ֣ר ,הַר,H2022,558
298496,298497,Abdias,1,19,עֵשָׂ֗ו ,עֵשָׂו,H6215,97
298497,298498,Abdias,1,19,וְ,וְ,H9000,50272
298498,298499,Abdias,1,19,הַ,הַ,H9009,30386
298499,298500,Abdias,1,19,שְּׁפֵלָה֙ ,שְׁפֵלָה,H8219,20
298500,298501,Abdias,1,19,אֶת־,אֵת,H853,10987
298501,298502,Abdias,1,19,פְּלִשְׁתִּ֔ים ,פְּלִשְׁתִּי,H6430,288
298502,298503,Abdias,1,19,וְ,וְ,H9000,50272
298503,298504,Abdias,1,19,יָרְשׁוּ֙ ,ירשׁ,H3423,231
298504,298505,Abdias,1,19,אֶת־,אֵת,H853,10987
298505,298506,Abdias,1,19,שְׂדֵ֣ה ,שָׂדֶה,H7704,320
298506,298507,Abdias,1,19,אֶפְרַ֔יִם ,אֶפְרַיִם,H669,180
298507,298508,Abdias,1,19,וְ,וְ,H9000,50272
298508,298509,Abdias,1,19,אֵ֖ת ,אֵת,H853,10987
298509,298510,Abdias,1,19,שְׂדֵ֣ה ,שָׂדֶה,H7704,320
298510,298511,Abdias,1,19,שֹׁמְרֹ֑ון ,שֹׁמְרֹון,H8111,109
298511,298512,Abdias,1,19,וּ,וְ,H9000,50272
298512,298513,Abdias,1,19,בִנְיָמִ֖ן ,בִּנְיָמִן,H1144,166
298513,298514,Abdias,1,19,אֶת־,אֵת,H853,10987
298514,298515,Abdias,1,19,הַ,הַ,H9009,30386
298515,298516,Abdias,1,19,גִּלְעָֽד׃ ,גִּלְעָד,H1568,134
298516,298517,Abdias,1,20,וְ,וְ,H9000,50272
298517,298518,Abdias,1,20,גָלֻ֣ת ,גָּלוּת,H1546,15
298518,298519,Abdias,1,20,הַֽ,הַ,H9009,30386
298519,298520,Abdias,1,20,חֵל־,חֵיל,H2426,9
298520,298521,Abdias,1,20,הַ֠,הַ,H9009,30386
298521,298522,Abdias,1,20,זֶּה ,זֶה,H2088,1177
298522,298523,Abdias,1,20,לִ,לְ,H9005,20069
298523,298524,Abdias,1,20,בְנֵ֨י ,בֵּן,H1121,4937
298524,298525,Abdias,1,20,יִשְׂרָאֵ֤ל ,יִשְׂרָאֵל,H3478,2506
298525,298526,Abdias,1,20,אֲשֶֽׁר־,אֲשֶׁר,H834,5500
298526,298527,Abdias,1,20,כְּנַעֲנִים֙ ,כְּנַעֲנִי,H3669,73
298527,298528,Abdias,1,20,עַד־,עַד,H5704,1263
298528,298529,Abdias,1,20,צָ֣רְפַ֔ת ,צָרְפַת,H6886,3
298529,298530,Abdias,1,20,וְ,וְ,H9000,50272
298530,298531,Abdias,1,20,גָלֻ֥ת ,גָּלוּת,H1546,15
298531,298532,Abdias,1,20,יְרוּשָׁלִַ֖ם ,יְרוּשָׁלִַם,H3389,643
298532,298533,Abdias,1,20,אֲשֶׁ֣ר ,אֲשֶׁר,H834,5500
298533,298534,Abdias,1,20,בִּ,בְּ,H9003,15542
298534,298535,Abdias,1,20,סְפָרַ֑ד ,סְפָרַד,H5614,1
298535,298536,Abdias,1,20,יִֽרְשׁ֕וּ ,ירשׁ,H3423,231
298536,298537,Abdias,1,20,אֵ֖ת ,אֵת,H853,10987
298537,298538,Abdias,1,20,עָרֵ֥י ,עִיר,H5892,1090
298538,298539,Abdias,1,20,הַ,הַ,H9009,30386
298539,298540,Abdias,1,20,נֶּֽגֶב׃ ,נֶגֶב,H5045,112
298540,298541,Abdias,1,21,וְ,וְ,H9000,50272
298541,298542,Abdias,1,21,עָל֤וּ ,עלה,H5927,890
298542,298543,Abdias,1,21,מֹֽושִׁעִים֙ ,ישׁע,H3467,205
298543,298544,Abdias,1,21,בְּ,בְּ,H9003,15542
298544,298545,Abdias,1,21,הַ֣ר ,הַר,H2022,558
298545,298546,Abdias,1,21,צִיֹּ֔ון ,צִיֹּון,H6726,154
298546,298547,Abdias,1,21,לִ,לְ,H9005,20069
298547,298548,Abdias,1,21,שְׁפֹּ֖ט ,שׁפט,H8199,202
298548,298549,Abdias,1,21,אֶת־,אֵת,H853,10987
298549,298550,Abdias,1,21,הַ֣ר ,הַר,H2022,558
298550,298551,Abdias,1,21,עֵשָׂ֑ו ,עֵשָׂו,H6215,97
298551,298552,Abdias,1,21,וְ,וְ,H9000,50272
298552,298553,Abdias,1,21,הָיְתָ֥ה ,היה,H1961,3561
298553,298554,Abdias,1,21,לַֽ,לְ,H9005,20069
298554,298555,Abdias,1,21,יהוָ֖ה ,יְהוָה,H3068,6828
298555,298556,Abdias,1,21,הַ,הַ,H9009,30386
298556,298557,Abdias,1,21,מְּלוּכָֽה׃ ,מְלוּכָה,H4410,24
