tagnt_word_n,book,chapter,verse,orig,lex,strong,freq
125933,1Pierre,1,1,Πέτρος,Πέτρος,G4074,155
125934,1Pierre,1,1,ἀπόστολος,ἀπόστολος,G0652,79
125935,1Pierre,1,1,Ἰησοῦ,Ἰησοῦς,G2424,910
125936,1Pierre,1,1,Χριστοῦ,Χριστός,G5547,529
125937,1Pierre,1,1,ἐκλεκτοῖς,ἐκλεκτός,G1588,22
125938,1Pierre,1,1,παρεπιδήμοις,παρεπίδημος,G3927,3
125939,1Pierre,1,1,διασπορᾶς,διασπορά,G1290,3
125940,1Pierre,1,1,Πόντου,Πόντος,G4195,2
125941,1Pierre,1,1,Γαλατίας,Γαλατία,G1053,4
125942,1Pierre,1,1,Καππαδοκίας,Καππαδοκία,G2587,2
125943,1Pierre,1,1,Ἀσίας,Ἀσία,G0773,19
125944,1Pierre,1,1,καὶ,καί,G2532,9108
125945,1Pierre,1,1,Βιθυνίας,Βιθυνία,G0978,2
125946,1Pierre,1,2,κατὰ,κατά,G2596,472
125947,1Pierre,1,2,πρόγνωσιν,πρόγνωσις,G4268,2
125948,1Pierre,1,2,θεοῦ,θεός,G2316,1311
125949,1Pierre,1,2,πατρὸς,πατήρ,G3962,414
125950,1Pierre,1,2,ἐν,ἐν,G1722,2728
125951,1Pierre,1,2,ἁγιασμῷ,ἁγιασμός,G0038,10
125952,1Pierre,1,2,πνεύματος,πνεῦμα,G4151,378
125953,1Pierre,1,2,εἰς,εἰς,G1519,1757
125954,1Pierre,1,2,ὑπακοὴν,ὑπακοή,G5218,15
125955,1Pierre,1,2,καὶ,καί,G2532,9108
125956,1Pierre,1,2,ῥαντισμὸν,ῥαντισμός,G4473,2
125957,1Pierre,1,2,αἵματος,αἷμα,G0129,97
125958,1Pierre,1,2,Ἰησοῦ,Ἰησοῦς,G2424,910
125959,1Pierre,1,2,Χριστοῦ,Χριστός,G5547,529
125960,1Pierre,1,2,χάρις,χάρις,G5485,154
125961,1Pierre,1,2,ὑμῖν,σύ,G4771,2896
125962,1Pierre,1,2,καὶ,καί,G2532,9108
125963,1Pierre,1,2,εἰρήνη,εἰρήνη,G1515,92
125964,1Pierre,1,2,πληθυνθείη,πληθύνω,G4129,12
125965,1Pierre,1,3,Εὐλογητὸς,εὐλογητός,G2128,8
125966,1Pierre,1,3,ὁ,ὁ,G3588,19785
125967,1Pierre,1,3,θεὸς,θεός,G2316,1311
125968,1Pierre,1,3,καὶ,καί,G2532,9108
125969,1Pierre,1,3,πατὴρ,πατήρ,G3962,414
125970,1Pierre,1,3,τοῦ,ὁ,G3588,19785
125971,1Pierre,1,3,κυρίου,κύριος,G2962,716
125972,1Pierre,1,3,ἡμῶν,ἐγώ,G1473,2462
125973,1Pierre,1,3,Ἰησοῦ,Ἰησοῦς,G2424,910
125974,1Pierre,1,3,Χριστοῦ,Χριστός,G5547,529
125975,1Pierre,1,3,ὁ,ὁ,G3588,19785
125976,1Pierre,1,3,κατὰ,κατά,G2596,472
125977,1Pierre,1,3,τὸ,ὁ,G3588,19785
125978,1Pierre,1,3,πολὺ,πολύς,G4183,365
125979,1Pierre,1,3,αὐτοῦ,αὐτός,G0846,5558
125980,1Pierre,1,3,ἔλεος,ἔλεος,G1656,27
125981,1Pierre,1,3,ἀναγεννήσας,ἀναγεννάω,G0313,2
125982,1Pierre,1,3,ἡμᾶς,ἐγώ,G1473,2462
125983,1Pierre,1,3,εἰς,εἰς,G1519,1757
125984,1Pierre,1,3,ἐλπίδα,ἐλπίς,G1680,53
125985,1Pierre,1,3,ζῶσαν,ζάω,G2198,139
125986,1Pierre,1,3,δι᾽,διά,G1223,666
125987,1Pierre,1,3,ἀναστάσεως,ἀνάστασις,G0386,42
125988,1Pierre,1,3,Ἰησοῦ,Ἰησοῦς,G2424,910
125989,1Pierre,1,3,Χριστοῦ,Χριστός,G5547,529
125990,1Pierre,1,3,ἐκ,ἐκ,G1537,912
125991,1Pierre,1,3,νεκρῶν,νεκρός,G3498,128
125992,1Pierre,1,4,εἰς,εἰς,G1519,1757
125993,1Pierre,1,4,κληρονομίαν,κληρονομία,G2817,14
125994,1Pierre,1,4,ἄφθαρτον,ἄφθαρτος,G0862,7
125995,1Pierre,1,4,καὶ,καί,G2532,9108
125996,1Pierre,1,4,ἀμίαντον,ἀμίαντος,G0283,4
125997,1Pierre,1,4,καὶ,καί,G2532,9108
125998,1Pierre,1,4,ἀμάραντον,ἀμάραντος,G0263,1
125999,1Pierre,1,4,τετηρημένην,τηρέω,G5083,70
126000,1Pierre,1,4,ἐν,ἐν,G1722,2728
126001,1Pierre,1,4,οὐρανοῖς,οὐρανός,G3772,273
126002,1Pierre,1,4,εἰς,εἰς,G1519,1757
126003,1Pierre,1,4,ὑμᾶς,σύ,G4771,2896
126004,1Pierre,1,5,τοὺς,ὁ,G3588,19785
126005,1Pierre,1,5,ἐν,ἐν,G1722,2728
126006,1Pierre,1,5,δυνάμει,δύναμις,G1411,119
126007,1Pierre,1,5,θεοῦ,θεός,G2316,1311
126008,1Pierre,1,5,φρουρουμένους,φρουρέω,G5432,4
126009,1Pierre,1,5,διὰ,διά,G1223,666
126010,1Pierre,1,5,πίστεως,πίστις,G4102,242
126011,1Pierre,1,5,εἰς,εἰς,G1519,1757
126012,1Pierre,1,5,σωτηρίαν,σωτηρία,G4991,47
126013,1Pierre,1,5,ἑτοίμην,ἕτοιμος,G2092,17
126014,1Pierre,1,5,ἀποκαλυφθῆναι,ἀποκαλύπτω,G0601,26
126015,1Pierre,1,5,ἐν,ἐν,G1722,2728
126016,1Pierre,1,5,καιρῷ,καιρός,G2540,85
126017,1Pierre,1,5,ἐσχάτῳ,ἔσχατος,G2078,52
126018,1Pierre,1,6,ἐν,ἐν,G1722,2728
126019,1Pierre,1,6,ᾧ,ὅς,G3739,1408
126020,1Pierre,1,6,ἀγαλλιᾶσθε,ἀγαλλιάω,G0021,11
126021,1Pierre,1,6,ὀλίγον,ὀλίγος,G3641,40
126022,1Pierre,1,6,ἄρτι,ἄρτι,G0737,36
126023,1Pierre,1,6,εἰ,εἰ,G1487,506
126024,1Pierre,1,6,δέον,δεῖ,G1163,102
126025,1Pierre,1,6,ἐστίν,εἰμί,G1510,2458
126026,1Pierre,1,6,λυπηθέντες,λυπέω,G3076,26
126027,1Pierre,1,6,ἐν,ἐν,G1722,2728
126028,1Pierre,1,6,ποικίλοις,ποικίλος,G4164,10
126029,1Pierre,1,6,πειρασμοῖς,πειρασμός,G3986,21
126030,1Pierre,1,7,ἵνα,ἵνα,G2443,668
126031,1Pierre,1,7,τὸ,ὁ,G3588,19785
126032,1Pierre,1,7,δοκίμιον,δοκίμιον,G1383,2
126033,1Pierre,1,7,ὑμῶν,σύ,G4771,2896
126034,1Pierre,1,7,τῆς,ὁ,G3588,19785
126035,1Pierre,1,7,πίστεως,πίστις,G4102,242
126036,1Pierre,1,7,πολυτιμότερον,πολύτιμος,G4186,3
126037,1Pierre,1,7,χρυσίου,χρυσίον,G5553,11
126038,1Pierre,1,7,τοῦ,ὁ,G3588,19785
126039,1Pierre,1,7,ἀπολλυμένου,ἀπολλύω,G0622,90
126040,1Pierre,1,7,διὰ,διά,G1223,666
126041,1Pierre,1,7,πυρὸς,πῦρ,G4442,71
126042,1Pierre,1,7,δὲ,δέ,G1161,2771
126043,1Pierre,1,7,δοκιμαζομένου,δοκιμάζω,G1381,22
126044,1Pierre,1,7,εὑρεθῆ,εὑρίσκω,G2147,176
126045,1Pierre,1,7,εἰς,εἰς,G1519,1757
126046,1Pierre,1,7,ἔπαινον,ἔπαινος,G1868,11
126047,1Pierre,1,7,καὶ,καί,G2532,9108
126049,1Pierre,1,7,δόξαν,δόξα,G1391,166
126050,1Pierre,1,7,καὶ,καί,G2532,9108
126051,1Pierre,1,7,τιμὴν,τιμή,G5092,41
126052,1Pierre,1,7,ἐν,ἐν,G1722,2728
126053,1Pierre,1,7,ἀποκαλύψει,ἀποκάλυψις,G0602,18
126054,1Pierre,1,7,Ἰησοῦ,Ἰησοῦς,G2424,910
126055,1Pierre,1,7,Χριστοῦ,Χριστός,G5547,529
126056,1Pierre,1,8,ὃν,ὅς,G3739,1408
126057,1Pierre,1,8,οὐκ,οὐ,G3756,1667
126058,1Pierre,1,8,ἰδόντες,εἴδω,G1492,374
126059,1Pierre,1,8,ἀγαπᾶτε,ἀγαπάω,G0025,143
126060,1Pierre,1,8,εἰς,εἰς,G1519,1757
126061,1Pierre,1,8,ὃν,ὅς,G3739,1408
126062,1Pierre,1,8,ἄρτι,ἄρτι,G0737,36
126063,1Pierre,1,8,μὴ,μή,G3361,1065
126064,1Pierre,1,8,ὁρῶντες,ὁράω,G3708,113
126065,1Pierre,1,8,πιστεύοντες,πιστεύω,G4100,238
126066,1Pierre,1,8,δὲ,δέ,G1161,2771
126067,1Pierre,1,8,ἀγαλλιᾶσθε,ἀγαλλιάω,G0021,11
126068,1Pierre,1,8,χαρᾷ,χαρά,G5479,59
126069,1Pierre,1,8,ἀνεκλαλήτῳ,ἀνεκλάλητος,G0412,1
126070,1Pierre,1,8,καὶ,καί,G2532,9108
126071,1Pierre,1,8,δεδοξασμένῃ,δοξάζω,G1392,60
126072,1Pierre,1,9,κομιζόμενοι,κομίζω,G2865,10
126073,1Pierre,1,9,τὸ,ὁ,G3588,19785
126074,1Pierre,1,9,τέλος,τέλος,G5056,40
126075,1Pierre,1,9,τῆς,ὁ,G3588,19785
126076,1Pierre,1,9,πίστεως,πίστις,G4102,242
126077,1Pierre,1,9,ὑμῶν,σύ,G4771,2896
126078,1Pierre,1,9,σωτηρίαν,σωτηρία,G4991,47
126079,1Pierre,1,9,ψυχῶν,ψυχή,G5590,102
126080,1Pierre,1,10,περὶ,περί,G4012,331
126081,1Pierre,1,10,ἧς,ὅς,G3739,1408
126082,1Pierre,1,10,σωτηρίας,σωτηρία,G4991,47
126083,1Pierre,1,10,ἐξεζήτησαν,ἐκζητέω,G1567,7
126084,1Pierre,1,10,καὶ,καί,G2532,9108
126085,1Pierre,1,10,ἐξηραύνησαν,ἐξερευνάω,G1830,1
126086,1Pierre,1,10,προφῆται,προφήτης,G4396,144
126087,1Pierre,1,10,οἱ,ὁ,G3588,19785
126088,1Pierre,1,10,περὶ,περί,G4012,331
126089,1Pierre,1,10,τῆς,ὁ,G3588,19785
126090,1Pierre,1,10,εἰς,εἰς,G1519,1757
126091,1Pierre,1,10,ὑμᾶς,σύ,G4771,2896
126092,1Pierre,1,10,χάριτος,χάρις,G5485,154
126093,1Pierre,1,10,προφητεύσαντες,προφητεύω,G4395,28
126094,1Pierre,1,11,ἐραυνῶντες,ἐρευνάω,G2045,6
126095,1Pierre,1,11,εἰς,εἰς,G1519,1757
126096,1Pierre,1,11,τίνα,τίς,G5101,558
126097,1Pierre,1,11,ἢ,ἤ,G2228,346
126098,1Pierre,1,11,ποῖον,ποῖος,G4169,33
126099,1Pierre,1,11,καιρὸν,καιρός,G2540,85
126100,1Pierre,1,11,ἐδήλου,δηλόω,G1213,7
126101,1Pierre,1,11,τὸ,ὁ,G3588,19785
126102,1Pierre,1,11,ἐν,ἐν,G1722,2728
126103,1Pierre,1,11,αὐτοῖς,αὐτός,G0846,5558
126104,1Pierre,1,11,πνεῦμα,πνεῦμα,G4151,378
126105,1Pierre,1,11,Χριστοῦ,Χριστός,G5547,529
126106,1Pierre,1,11,προμαρτυρόμενον,προμαρτύρομαι,G4303,1
126107,1Pierre,1,11,τὰ,ὁ,G3588,19785
126108,1Pierre,1,11,εἰς,εἰς,G1519,1757
126109,1Pierre,1,11,Χριστὸν,Χριστός,G5547,529
126110,1Pierre,1,11,παθήματα,πάθημα,G3804,16
126111,1Pierre,1,11,καὶ,καί,G2532,9108
126112,1Pierre,1,11,τὰς,ὁ,G3588,19785
126113,1Pierre,1,11,μετὰ,μετά,G3326,468
126114,1Pierre,1,11,ταῦτα,οὗτος,G3778,1380
126115,1Pierre,1,11,δόξας,δόξα,G1391,166
126116,1Pierre,1,12,οἷς,ὅς,G3739,1408
126117,1Pierre,1,12,ἀπεκαλύφθη,ἀποκαλύπτω,G0601,26
126118,1Pierre,1,12,ὅτι,ὅτι,G3754,1291
126119,1Pierre,1,12,οὐχ,οὐ,G3756,1667
126120,1Pierre,1,12,ἑαυτοῖς,ἑαυτοῦ,G1438,317
126121,1Pierre,1,12,ὑμῖν,σύ,G4771,2896
126122,1Pierre,1,12,δὲ,δέ,G1161,2771
126123,1Pierre,1,12,διηκόνουν,διακονέω,G1247,37
126124,1Pierre,1,12,αὐτά,αὐτός,G0846,5558
126125,1Pierre,1,12,ἃ,ὅς,G3739,1408
126126,1Pierre,1,12,νῦν,νῦν,G3568,144
126127,1Pierre,1,12,ἀνηγγέλη,ἀναγγέλλω,G0312,14
126128,1Pierre,1,12,ὑμῖν,σύ,G4771,2896
126129,1Pierre,1,12,διὰ,διά,G1223,666
126130,1Pierre,1,12,τῶν,ὁ,G3588,19785
126131,1Pierre,1,12,εὐαγγελισαμένων,εὐαγγελίζομαι,G2097,53
126132,1Pierre,1,12,ὑμᾶς,σύ,G4771,2896
126134,1Pierre,1,12,πνεύματι,πνεῦμα,G4151,378
126135,1Pierre,1,12,ἁγίῳ,ἅγιος,G0040,224
126136,1Pierre,1,12,ἀποσταλέντι,ἀποστέλλω,G0649,131
126137,1Pierre,1,12,ἀπ᾽,ἀπό,G0575,640
126138,1Pierre,1,12,οὐρανοῦ,οὐρανός,G3772,273
126139,1Pierre,1,12,εἰς,εἰς,G1519,1757
126140,1Pierre,1,12,ἃ,ὅς,G3739,1408
126141,1Pierre,1,12,ἐπιθυμοῦσιν,ἐπιθυμέω,G1937,16
126142,1Pierre,1,12,ἄγγελοι,ἄγγελος,G0032,175
126143,1Pierre,1,12,παρακύψαι,παρακύπτω,G3879,5
126144,1Pierre,1,13,Διὸ,διό,G1352,53
126145,1Pierre,1,13,ἀναζωσάμενοι,ἀναζώννυμι,G0328,1
126146,1Pierre,1,13,τὰς,ὁ,G3588,19785
126147,1Pierre,1,13,ὀσφύας,ὀσφῦς,G3751,8
126148,1Pierre,1,13,τῆς,ὁ,G3588,19785
126149,1Pierre,1,13,διανοίας,διάνοια,G1271,12
126150,1Pierre,1,13,ὑμῶν,σύ,G4771,2896
126151,1Pierre,1,13,νήφοντες,νήφω,G3525,6
126152,1Pierre,1,13,τελείως,τελείως,G5049,1
126153,1Pierre,1,13,ἐλπίσατε,ἐλπίζω,G1679,31
126154,1Pierre,1,13,ἐπὶ,ἐπί,G1909,884
126155,1Pierre,1,13,τὴν,ὁ,G3588,19785
126156,1Pierre,1,13,φερομένην,φέρω,G5342,66
126157,1Pierre,1,13,ὑμῖν,σύ,G4771,2896
126158,1Pierre,1,13,χάριν,χάρις,G5485,154
126159,1Pierre,1,13,ἐν,ἐν,G1722,2728
126160,1Pierre,1,13,ἀποκαλύψει,ἀποκάλυψις,G0602,18
126161,1Pierre,1,13,Ἰησοῦ,Ἰησοῦς,G2424,910
126162,1Pierre,1,13,Χριστοῦ,Χριστός,G5547,529
126163,1Pierre,1,14,ὡς,ὡς,G5613,501
126164,1Pierre,1,14,τέκνα,τέκνον,G5043,98
126165,1Pierre,1,14,ὑπακοῆς,ὑπακοή,G5218,15
126166,1Pierre,1,14,μὴ,μή,G3361,1065
126167,1Pierre,1,14,συσχηματιζόμενοι,συσχηματίζω,G4964,2
126168,1Pierre,1,14,ταῖς,ὁ,G3588,19785
126169,1Pierre,1,14,πρότερον,πρότερον,G4386,5
126170,1Pierre,1,14,ἐν,ἐν,G1722,2728
126171,1Pierre,1,14,τῆ,ὁ,G3588,19785
126172,1Pierre,1,14,ἀγνοίᾳ,ἄγνοια,G0052,4
126173,1Pierre,1,14,ὑμῶν,σύ,G4771,2896
126174,1Pierre,1,14,ἐπιθυμίαις,ἐπιθυμία,G1939,38
126175,1Pierre,1,15,ἀλλὰ,ἀλλά,G0235,638
126176,1Pierre,1,15,κατὰ,κατά,G2596,472
126177,1Pierre,1,15,τὸν,ὁ,G3588,19785
126178,1Pierre,1,15,καλέσαντα,καλέω,G2564,148
126179,1Pierre,1,15,ὑμᾶς,σύ,G4771,2896
126180,1Pierre,1,15,ἅγιον,ἅγιος,G0040,224
126181,1Pierre,1,15,καὶ,καί,G2532,9108
126182,1Pierre,1,15,αὐτοὶ,αὐτός,G0846,5558
126183,1Pierre,1,15,ἅγιοι,ἅγιος,G0040,224
126184,1Pierre,1,15,ἐν,ἐν,G1722,2728
126185,1Pierre,1,15,πάσῃ,πᾶς,G3956,1236
126186,1Pierre,1,15,ἀναστροφῆ,ἀναστροφή,G0391,13
126187,1Pierre,1,15,γενήθητε,γίνομαι,G1096,662
126188,1Pierre,1,16,διότι,διότι,G1360,23
126189,1Pierre,1,16,γέγραπται,γράφω,G1125,190
126191,1Pierre,1,16,ἅγιοι,ἅγιος,G0040,224
126192,1Pierre,1,16,ἔσεσθε,εἰμί,G1510,2458
126193,1Pierre,1,16,ὅτι,ὅτι,G3754,1291
126194,1Pierre,1,16,ἐγὼ,ἐγώ,G1473,2462
126195,1Pierre,1,16,ἅγιος,ἅγιος,G0040,224
126197,1Pierre,1,17,καὶ,καί,G2532,9108
126198,1Pierre,1,17,εἰ,εἰ,G1487,506
126199,1Pierre,1,17,πατέρα,πατήρ,G3962,414
126200,1Pierre,1,17,ἐπικαλεῖσθε,ἐπικαλέω,G1941,30
126201,1Pierre,1,17,τὸν,ὁ,G3588,19785
126202,1Pierre,1,17,ἀπροσωπολήμπτως,ἀπροσωπολήπτως,G0678,1
126203,1Pierre,1,17,κρίνοντα,κρίνω,G2919,113
126204,1Pierre,1,17,κατὰ,κατά,G2596,472
126205,1Pierre,1,17,τὸ,ὁ,G3588,19785
126206,1Pierre,1,17,ἑκάστου,ἕκαστος,G1538,81
126207,1Pierre,1,17,ἔργον,ἔργον,G2041,169
126208,1Pierre,1,17,ἐν,ἐν,G1722,2728
126209,1Pierre,1,17,φόβῳ,φόβος,G5401,47
126210,1Pierre,1,17,τὸν,ὁ,G3588,19785
126211,1Pierre,1,17,τῆς,ὁ,G3588,19785
126212,1Pierre,1,17,παροικίας,παροικία,G3940,2
126213,1Pierre,1,17,ὑμῶν,σύ,G4771,2896
126214,1Pierre,1,17,χρόνον,χρόνος,G5550,53
126215,1Pierre,1,17,ἀναστράφητε,ἀναστρέφω,G0390,9
126216,1Pierre,1,18,εἰδότες,εἴδω,G6063,280
126217,1Pierre,1,18,ὅτι,ὅτι,G3754,1291
126218,1Pierre,1,18,οὐ,οὐ,G3756,1667
126219,1Pierre,1,18,φθαρτοῖς,φθαρτός,G5349,6
126220,1Pierre,1,18,ἀργυρίῳ,ἀργύριον,G0694,20
126221,1Pierre,1,18,ἢ,ἤ,G2228,346
126222,1Pierre,1,18,χρυσίῳ,χρυσίον,G5553,11
126223,1Pierre,1,18,ἐλυτρώθητε,λυτρόω,G3084,3
126224,1Pierre,1,18,ἐκ,ἐκ,G1537,912
126225,1Pierre,1,18,τῆς,ὁ,G3588,19785
126226,1Pierre,1,18,ματαίας,μάταιος,G3152,6
126227,1Pierre,1,18,ὑμῶν,σύ,G4771,2896
126228,1Pierre,1,18,ἀναστροφῆς,ἀναστροφή,G0391,13
126229,1Pierre,1,18,πατροπαραδότου,πατροπαράδοτος,G3970,1
126230,1Pierre,1,19,ἀλλὰ,ἀλλά,G0235,638
126231,1Pierre,1,19,τιμίῳ,τίμιος,G5093,13
126232,1Pierre,1,19,αἵματι,αἷμα,G0129,97
126233,1Pierre,1,19,ὡς,ὡς,G5613,501
126234,1Pierre,1,19,ἀμνοῦ,ἀμνός,G0286,4
126235,1Pierre,1,19,ἀμώμου,ἄμωμος,G0299,8
126236,1Pierre,1,19,καὶ,καί,G2532,9108
126237,1Pierre,1,19,ἀσπίλου,ἄσπιλος,G0784,4
126238,1Pierre,1,19,Χριστοῦ,Χριστός,G5547,529
126239,1Pierre,1,20,προεγνωσμένου,προγινώσκω,G4267,5
126240,1Pierre,1,20,μὲν,μέν,G3303,178
126241,1Pierre,1,20,πρὸ,πρό,G4253,47
126242,1Pierre,1,20,καταβολῆς,καταβολή,G2602,11
126243,1Pierre,1,20,κόσμου,κόσμος,G2889,185
126244,1Pierre,1,20,φανερωθέντος,φανερόω,G5319,49
126245,1Pierre,1,20,δὲ,δέ,G1161,2771
126246,1Pierre,1,20,ἐπ᾽,ἐπί,G1909,884
126247,1Pierre,1,20,ἐσχάτου,ἔσχατος,G2078,52
126248,1Pierre,1,20,τῶν,ὁ,G3588,19785
126249,1Pierre,1,20,χρόνων,χρόνος,G5550,53
126250,1Pierre,1,20,δι᾽,διά,G1223,666
126251,1Pierre,1,20,ὑμᾶς,σύ,G4771,2896
126252,1Pierre,1,21,τοὺς,ὁ,G3588,19785
126253,1Pierre,1,21,δι᾽,διά,G1223,666
126254,1Pierre,1,21,αὐτοῦ,αὐτός,G0846,5558
126256,1Pierre,1,21,εἰς,εἰς,G1519,1757
126257,1Pierre,1,21,θεόν,θεός,G2316,1311
126258,1Pierre,1,21,τὸν,ὁ,G3588,19785
126259,1Pierre,1,21,ἐγείραντα,ἐγείρω,G1453,143
126260,1Pierre,1,21,αὐτὸν,αὐτός,G0846,5558
126261,1Pierre,1,21,ἐκ,ἐκ,G1537,912
126262,1Pierre,1,21,νεκρῶν,νεκρός,G3498,128
126263,1Pierre,1,21,καὶ,καί,G2532,9108
126264,1Pierre,1,21,δόξαν,δόξα,G1391,166
126265,1Pierre,1,21,αὐτῷ,αὐτός,G0846,5558
126266,1Pierre,1,21,δόντα,δίδωμι,G1325,409
126267,1Pierre,1,21,ὥστε,ὥστε,G5620,83
126268,1Pierre,1,21,τὴν,ὁ,G3588,19785
126269,1Pierre,1,21,πίστιν,πίστις,G4102,242
126270,1Pierre,1,21,ὑμῶν,σύ,G4771,2896
126271,1Pierre,1,21,καὶ,καί,G2532,9108
126272,1Pierre,1,21,ἐλπίδα,ἐλπίς,G1680,53
126273,1Pierre,1,21,εἶναι,εἰμί,G1510,2458
126274,1Pierre,1,21,εἰς,εἰς,G1519,1757
126275,1Pierre,1,21,θεόν,θεός,G2316,1311
126276,1Pierre,1,22,Τὰς,ὁ,G3588,19785
126277,1Pierre,1,22,ψυχὰς,ψυχή,G5590,102
126278,1Pierre,1,22,ὑμῶν,σύ,G4771,2896
126279,1Pierre,1,22,ἡγνικότες,ἁγνίζω,G0048,7
126280,1Pierre,1,22,ἐν,ἐν,G1722,2728
126281,1Pierre,1,22,τῆ,ὁ,G3588,19785
126282,1Pierre,1,22,ὑπακοῆ,ὑπακοή,G5218,15
126283,1Pierre,1,22,τῆς,ὁ,G3588,19785
126284,1Pierre,1,22,ἀληθείας,ἀλήθεια,G0225,108
126287,1Pierre,1,22,εἰς,εἰς,G1519,1757
126288,1Pierre,1,22,φιλαδελφίαν,φιλαδελφία,G5360,6
126289,1Pierre,1,22,ἀνυπόκριτον,ἀνυπόκριτος,G0505,6
126290,1Pierre,1,22,ἐκ,ἐκ,G1537,912
126291,1Pierre,1,22,καθαρᾶς,καθαρός,G2513,27
126292,1Pierre,1,22,καρδίας,καρδία,G2588,155
126293,1Pierre,1,22,ἀλλήλους,ἀλλήλων,G0240,100
126294,1Pierre,1,22,ἀγαπήσατε,ἀγαπάω,G0025,143
126295,1Pierre,1,22,ἐκτενῶς,ἐκτενῶς,G1619,2
126296,1Pierre,1,23,ἀναγεγεννημένοι,ἀναγεννάω,G0313,2
126297,1Pierre,1,23,οὐκ,οὐ,G3756,1667
126298,1Pierre,1,23,ἐκ,ἐκ,G1537,912
126299,1Pierre,1,23,σπορᾶς,σπορά,G4701,1
126300,1Pierre,1,23,φθαρτῆς,φθαρτός,G5349,6
126301,1Pierre,1,23,ἀλλ᾽,ἀλλά,G0235,638
126302,1Pierre,1,23,ἀφθάρτου,ἄφθαρτος,G0862,7
126303,1Pierre,1,23,διὰ,διά,G1223,666
126304,1Pierre,1,23,λόγου,λόγος,G3056,330
126305,1Pierre,1,23,ζῶντος,ζάω,G2198,139
126306,1Pierre,1,23,θεοῦ,θεός,G2316,1311
126307,1Pierre,1,23,καὶ,καί,G2532,9108
126308,1Pierre,1,23,μένοντος,μένω,G3306,118
126312,1Pierre,1,24,διότι,διότι,G1360,23
126313,1Pierre,1,24,πᾶσα,πᾶς,G3956,1236
126314,1Pierre,1,24,σὰρξ,σάρξ,G4561,147
126315,1Pierre,1,24,ὡς,ὡς,G5613,501
126316,1Pierre,1,24,χόρτος,χόρτος,G5528,15
126317,1Pierre,1,24,καὶ,καί,G2532,9108
126318,1Pierre,1,24,πᾶσα,πᾶς,G3956,1236
126319,1Pierre,1,24,δόξα,δόξα,G1391,166
126320,1Pierre,1,24,αὐτῆς,αὐτός,G0846,5558
126321,1Pierre,1,24,ὡς,ὡς,G5613,501
126322,1Pierre,1,24,ἄνθος,ἄνθος,G0438,4
126323,1Pierre,1,24,χόρτου,χόρτος,G5528,15
126324,1Pierre,1,24,ἐξηράνθη,ξηραίνω,G3583,15
126325,1Pierre,1,24,ὁ,ὁ,G3588,19785
126326,1Pierre,1,24,χόρτος,χόρτος,G5528,15
126327,1Pierre,1,24,καὶ,καί,G2532,9108
126328,1Pierre,1,24,τὸ,ὁ,G3588,19785
126329,1Pierre,1,24,ἄνθος,ἄνθος,G0438,4
126331,1Pierre,1,24,ἐξέπεσεν,ἐκπίπτω,G1601,10
126332,1Pierre,1,25,τὸ,ὁ,G3588,19785
126333,1Pierre,1,25,δὲ,δέ,G1161,2771
126334,1Pierre,1,25,ῥῆμα,ῥῆμα,G4487,68
126335,1Pierre,1,25,κυρίου,κύριος,G2962,716
126336,1Pierre,1,25,μένει,μένω,G3306,118
126337,1Pierre,1,25,εἰς,εἰς,G1519,1757
126338,1Pierre,1,25,τὸν,ὁ,G3588,19785
126339,1Pierre,1,25,αἰῶνα,αἰών,G0165,123
126340,1Pierre,1,25,τοῦτο,οὗτος,G3778,1380
126341,1Pierre,1,25,δέ,δέ,G1161,2771
126342,1Pierre,1,25,ἐστιν,εἰμί,G1510,2458
126343,1Pierre,1,25,τὸ,ὁ,G3588,19785
126344,1Pierre,1,25,ῥῆμα,ῥῆμα,G4487,68
126345,1Pierre,1,25,τὸ,ὁ,G3588,19785
126346,1Pierre,1,25,εὐαγγελισθὲν,εὐαγγελίζομαι,G2097,53
126347,1Pierre,1,25,εἰς,εἰς,G1519,1757
126348,1Pierre,1,25,ὑμᾶς,σύ,G4771,2896
126349,1Pierre,2,1,Ἀποθέμενοι,ἀποτίθημι,G0659,9
126350,1Pierre,2,1,οὖν,οὖν,G3767,494
126351,1Pierre,2,1,πᾶσαν,πᾶς,G3956,1236
126352,1Pierre,2,1,κακίαν,κακία,G2549,11
126353,1Pierre,2,1,καὶ,καί,G2532,9108
126354,1Pierre,2,1,πάντα,πᾶς,G3956,1236
126355,1Pierre,2,1,δόλον,δόλος,G1388,11
126356,1Pierre,2,1,καὶ,καί,G2532,9108
126357,1Pierre,2,1,ὑποκρίσεις,ὑπόκρισις,G5272,6
126358,1Pierre,2,1,καὶ,καί,G2532,9108
126359,1Pierre,2,1,φθόνους,φθόνος,G5355,9
126360,1Pierre,2,1,καὶ,καί,G2532,9108
126361,1Pierre,2,1,πάσας,πᾶς,G3956,1236
126362,1Pierre,2,1,καταλαλιάς,καταλαλιά,G2636,2
126363,1Pierre,2,2,ὡς,ὡς,G5613,501
126364,1Pierre,2,2,ἀρτιγέννητα,ἀρτιγέννητος,G0738,1
126365,1Pierre,2,2,βρέφη,βρέφος,G1025,8
126366,1Pierre,2,2,τὸ,ὁ,G3588,19785
126367,1Pierre,2,2,λογικὸν,λογικός,G3050,2
126368,1Pierre,2,2,ἄδολον,ἄδολος,G0097,1
126369,1Pierre,2,2,γάλα,γάλα,G1051,5
126370,1Pierre,2,2,ἐπιποθήσατε,ἐπιποθέω,G1971,9
126371,1Pierre,2,2,ἵνα,ἵνα,G2443,668
126372,1Pierre,2,2,ἐν,ἐν,G1722,2728
126373,1Pierre,2,2,αὐτῷ,αὐτός,G0846,5558
126374,1Pierre,2,2,αὐξηθῆτε,αὐξάνω,G0837,23
126375,1Pierre,2,2,εἰς,εἰς,G1519,1757
126376,1Pierre,2,2,σωτηρίαν,σωτηρία,G4991,47
126377,1Pierre,2,3,εἰ,εἰ,G1487,506
126378,1Pierre,2,3,ἐγεύσασθε,γεύω,G1089,15
126379,1Pierre,2,3,ὅτι,ὅτι,G3754,1291
126380,1Pierre,2,3,χρηστὸς,χρηστός,G5543,7
126381,1Pierre,2,3,ὁ,ὁ,G3588,19785
126382,1Pierre,2,3,κύριος,κύριος,G2962,716
126383,1Pierre,2,4,πρὸς,πρός,G4314,699
126384,1Pierre,2,4,ὃν,ὅς,G3739,1408
126385,1Pierre,2,4,προσερχόμενοι,προσέρχομαι,G4334,86
126386,1Pierre,2,4,λίθον,λίθος,G3037,58
126387,1Pierre,2,4,ζῶντα,ζάω,G2198,139
126388,1Pierre,2,4,ὑπὸ,ὑπό,G5259,219
126389,1Pierre,2,4,ἀνθρώπων,ἄνθρωπος,G0444,549
126390,1Pierre,2,4,μὲν,μέν,G3303,178
126391,1Pierre,2,4,ἀποδεδοκιμασμένον,ἀποδοκιμάζω,G0593,9
126392,1Pierre,2,4,παρὰ,παρά,G3844,194
126393,1Pierre,2,4,δὲ,δέ,G1161,2771
126394,1Pierre,2,4,θεῷ,θεός,G2316,1311
126395,1Pierre,2,4,ἐκλεκτὸν,ἐκλεκτός,G1588,22
126396,1Pierre,2,4,ἔντιμον,ἔντιμος,G1784,5
126397,1Pierre,2,5,καὶ,καί,G2532,9108
126398,1Pierre,2,5,αὐτοὶ,αὐτός,G0846,5558
126399,1Pierre,2,5,ὡς,ὡς,G5613,501
126400,1Pierre,2,5,λίθοι,λίθος,G3037,58
126401,1Pierre,2,5,ζῶντες,ζάω,G2198,139
126402,1Pierre,2,5,οἰκοδομεῖσθε,οἰκοδομέω,G3618,40
126403,1Pierre,2,5,οἶκος,οἶκος,G3624,112
126404,1Pierre,2,5,πνευματικὸς,πνευματικός,G4152,26
126405,1Pierre,2,5,εἰς,εἰς,G1519,1757
126406,1Pierre,2,5,ἱεράτευμα,ἱεράτευμα,G2406,2
126407,1Pierre,2,5,ἅγιον,ἅγιος,G0040,224
126408,1Pierre,2,5,ἀνενέγκαι,ἀναφέρω,G0399,10
126409,1Pierre,2,5,πνευματικὰς,πνευματικός,G4152,26
126410,1Pierre,2,5,θυσίας,θυσία,G2378,28
126411,1Pierre,2,5,εὐπροσδέκτους,εὐπρόσδεκτος,G2144,5
126413,1Pierre,2,5,θεῷ,θεός,G2316,1311
126414,1Pierre,2,5,διὰ,διά,G1223,666
126415,1Pierre,2,5,Ἰησοῦ,Ἰησοῦς,G2424,910
126416,1Pierre,2,5,Χριστοῦ,Χριστός,G5547,529
126417,1Pierre,2,6,διότι,διότι,G1360,23
126418,1Pierre,2,6,περιέχει,περιέχω,G4023,2
126419,1Pierre,2,6,ἐν,ἐν,G1722,2728
126421,1Pierre,2,6,γραφῆ,γραφή,G1124,50
126422,1Pierre,2,6,ἰδοὺ,ἰδού,G2400,199
126423,1Pierre,2,6,τίθημι,τίθημι,G5087,100
126424,1Pierre,2,6,ἐν,ἐν,G1722,2728
126425,1Pierre,2,6,Σιὼν,Σιών,G4622,7
126426,1Pierre,2,6,λίθον,λίθος,G3037,58
126427,1Pierre,2,6,ἀκρογωνιαῖον,ἀκρογωνιαῖος,G0204,2
126428,1Pierre,2,6,ἐκλεκτὸν,ἐκλεκτός,G1588,22
126429,1Pierre,2,6,ἔντιμον,ἔντιμος,G1784,5
126430,1Pierre,2,6,καὶ,καί,G2532,9108
126431,1Pierre,2,6,ὁ,ὁ,G3588,19785
126432,1Pierre,2,6,πιστεύων,πιστεύω,G4100,238
126433,1Pierre,2,6,ἐπ᾽,ἐπί,G1909,884
126434,1Pierre,2,6,αὐτῷ,αὐτός,G0846,5558
126435,1Pierre,2,6,οὐ,οὐ,G3756,1667
126436,1Pierre,2,6,μὴ,μή,G3361,1065
126437,1Pierre,2,6,καταισχυνθῆ,καταισχύνω,G2617,13
126438,1Pierre,2,7,ὑμῖν,σύ,G4771,2896
126439,1Pierre,2,7,οὖν,οὖν,G3767,494
126440,1Pierre,2,7,ἡ,ὁ,G3588,19785
126441,1Pierre,2,7,τιμὴ,τιμή,G5092,41
126442,1Pierre,2,7,τοῖς,ὁ,G3588,19785
126443,1Pierre,2,7,πιστεύουσιν,πιστεύω,G4100,238
126444,1Pierre,2,7,ἀπιστοῦσιν,ἀπιστέω,G0569,8
126445,1Pierre,2,7,δὲ,δέ,G1161,2771
126446,1Pierre,2,7,λίθος,λίθος,G3037,58
126447,1Pierre,2,7,ὃν,ὅς,G3739,1408
126448,1Pierre,2,7,ἀπεδοκίμασαν,ἀποδοκιμάζω,G0593,9
126449,1Pierre,2,7,οἱ,ὁ,G3588,19785
126450,1Pierre,2,7,οἰκοδομοῦντες,οἰκοδομέω,G3618,40
126451,1Pierre,2,7,οὗτος,οὗτος,G3778,1380
126452,1Pierre,2,7,ἐγενήθη,γίνομαι,G1096,662
126453,1Pierre,2,7,εἰς,εἰς,G1519,1757
126454,1Pierre,2,7,κεφαλὴν,κεφαλή,G2776,75
126455,1Pierre,2,7,γωνίας,γωνία,G1137,9
126456,1Pierre,2,8,καὶ,καί,G2532,9108
126457,1Pierre,2,8,λίθος,λίθος,G3037,58
126458,1Pierre,2,8,προσκόμματος,πρόσκομμα,G4348,6
126459,1Pierre,2,8,καὶ,καί,G2532,9108
126460,1Pierre,2,8,πέτρα,πέτρα,G4073,15
126461,1Pierre,2,8,σκανδάλου,σκάνδαλον,G4625,15
126462,1Pierre,2,8,οἳ,ὅς,G3739,1408
126463,1Pierre,2,8,προσκόπτουσιν,προσκόπτω,G4350,8
126464,1Pierre,2,8,τῷ,ὁ,G3588,19785
126465,1Pierre,2,8,λόγῳ,λόγος,G3056,330
126466,1Pierre,2,8,ἀπειθοῦντες,ἀπειθέω,G0544,14
126467,1Pierre,2,8,εἰς,εἰς,G1519,1757
126468,1Pierre,2,8,ὃ,ὅς,G3739,1408
126469,1Pierre,2,8,καὶ,καί,G2532,9108
126470,1Pierre,2,8,ἐτέθησαν,τίθημι,G5087,100
126471,1Pierre,2,9,ὑμεῖς,σύ,G4771,2896
126472,1Pierre,2,9,δὲ,δέ,G1161,2771
126473,1Pierre,2,9,γένος,γένος,G1085,20
126474,1Pierre,2,9,ἐκλεκτόν,ἐκλεκτός,G1588,22
126475,1Pierre,2,9,βασίλειον,βασίλειος,G0934,1
126476,1Pierre,2,9,ἱεράτευμα,ἱεράτευμα,G2406,2
126477,1Pierre,2,9,ἔθνος,ἔθνος,G1484,163
126478,1Pierre,2,9,ἅγιον,ἅγιος,G0040,224
126479,1Pierre,2,9,λαὸς,λαός,G2992,141
126480,1Pierre,2,9,εἰς,εἰς,G1519,1757
126481,1Pierre,2,9,περιποίησιν,περιποίησις,G4047,5
126482,1Pierre,2,9,ὅπως,ὅπως,G3704,53
126483,1Pierre,2,9,τὰς,ὁ,G3588,19785
126484,1Pierre,2,9,ἀρετὰς,ἀρετή,G0703,5
126485,1Pierre,2,9,ἐξαγγείλητε,ἐξαγγέλλω,G1804,1
126486,1Pierre,2,9,τοῦ,ὁ,G3588,19785
126487,1Pierre,2,9,ἐκ,ἐκ,G1537,912
126488,1Pierre,2,9,σκότους,σκότος,G4655,30
126489,1Pierre,2,9,ὑμᾶς,σύ,G4771,2896
126490,1Pierre,2,9,καλέσαντος,καλέω,G2564,148
126491,1Pierre,2,9,εἰς,εἰς,G1519,1757
126492,1Pierre,2,9,τὸ,ὁ,G3588,19785
126493,1Pierre,2,9,θαυμαστὸν,θαυμαστός,G2298,6
126494,1Pierre,2,9,αὐτοῦ,αὐτός,G0846,5558
126495,1Pierre,2,9,φῶς,φῶς,G5457,73
126496,1Pierre,2,10,οἵ,ὅς,G3739,1408
126497,1Pierre,2,10,ποτε,ποτέ,G4218,29
126498,1Pierre,2,10,οὐ,οὐ,G3756,1667
126499,1Pierre,2,10,λαός,λαός,G2992,141
126500,1Pierre,2,10,νῦν,νῦν,G3568,144
126501,1Pierre,2,10,δὲ,δέ,G1161,2771
126502,1Pierre,2,10,λαὸς,λαός,G2992,141
126503,1Pierre,2,10,θεοῦ,θεός,G2316,1311
126504,1Pierre,2,10,οἱ,ὁ,G3588,19785
126505,1Pierre,2,10,οὐκ,οὐ,G3756,1667
126506,1Pierre,2,10,ἠλεημένοι,ἐλεέω,G1653,31
126507,1Pierre,2,10,νῦν,νῦν,G3568,144
126508,1Pierre,2,10,δὲ,δέ,G1161,2771
126509,1Pierre,2,10,ἐλεηθέντες,ἐλεέω,G1653,31
126510,1Pierre,2,11,Ἀγαπητοί,ἀγαπητός,G0027,61
126511,1Pierre,2,11,παρακαλῶ,παρακαλέω,G3870,108
126512,1Pierre,2,11,ὡς,ὡς,G5613,501
126513,1Pierre,2,11,παροίκους,πάροικος,G3941,4
126514,1Pierre,2,11,καὶ,καί,G2532,9108
126515,1Pierre,2,11,παρεπιδήμους,παρεπίδημος,G3927,3
126516,1Pierre,2,11,ἀπέχεσθαι,ἀπέχω,G0568,18
126517,1Pierre,2,11,τῶν,ὁ,G3588,19785
126518,1Pierre,2,11,σαρκικῶν,σαρκικός,G4559,7
126519,1Pierre,2,11,ἐπιθυμιῶν,ἐπιθυμία,G1939,38
126520,1Pierre,2,11,αἵτινες,ὅστις,G3748,144
126521,1Pierre,2,11,στρατεύονται,στρατεύω,G4754,7
126522,1Pierre,2,11,κατὰ,κατά,G2596,472
126523,1Pierre,2,11,τῆς,ὁ,G3588,19785
126524,1Pierre,2,11,ψυχῆς,ψυχή,G5590,102
126525,1Pierre,2,12,τὴν,ὁ,G3588,19785
126526,1Pierre,2,12,ἀναστροφὴν,ἀναστροφή,G0391,13
126527,1Pierre,2,12,ὑμῶν,σύ,G4771,2896
126528,1Pierre,2,12,ἐν,ἐν,G1722,2728
126529,1Pierre,2,12,τοῖς,ὁ,G3588,19785
126530,1Pierre,2,12,ἔθνεσιν,ἔθνος,G1484,163
126531,1Pierre,2,12,ἔχοντες,ἔχω,G2192,706
126532,1Pierre,2,12,καλήν,καλός,G2570,101
126533,1Pierre,2,12,ἵνα,ἵνα,G2443,668
126534,1Pierre,2,12,ἐν,ἐν,G1722,2728
126535,1Pierre,2,12,ᾧ,ὅς,G3739,1408
126536,1Pierre,2,12,καταλαλοῦσιν,καταλαλέω,G2635,5
126537,1Pierre,2,12,ὑμῶν,σύ,G4771,2896
126538,1Pierre,2,12,ὡς,ὡς,G5613,501
126539,1Pierre,2,12,κακοποιῶν,κακοποιός,G2555,3
126540,1Pierre,2,12,ἐκ,ἐκ,G1537,912
126541,1Pierre,2,12,τῶν,ὁ,G3588,19785
126542,1Pierre,2,12,καλῶν,καλός,G2570,101
126543,1Pierre,2,12,ἔργων,ἔργον,G2041,169
126544,1Pierre,2,12,ἐποπτεύοντες,ἐποπτεύω,G2029,2
126545,1Pierre,2,12,δοξάσωσιν,δοξάζω,G1392,60
126546,1Pierre,2,12,τὸν,ὁ,G3588,19785
126547,1Pierre,2,12,θεὸν,θεός,G2316,1311
126548,1Pierre,2,12,ἐν,ἐν,G1722,2728
126549,1Pierre,2,12,ἡμέρᾳ,ἡμέρα,G2250,388
126550,1Pierre,2,12,ἐπισκοπῆς,ἐπισκοπή,G1984,4
126551,1Pierre,2,13,Ὑποτάγητε,ὑποτάσσω,G5293,38
126553,1Pierre,2,13,πάσῃ,πᾶς,G3956,1236
126554,1Pierre,2,13,ἀνθρωπίνῃ,ἀνθρώπινος,G0442,7
126555,1Pierre,2,13,κτίσει,κτίσις,G2937,19
126556,1Pierre,2,13,διὰ,διά,G1223,666
126557,1Pierre,2,13,τὸν,ὁ,G3588,19785
126558,1Pierre,2,13,κύριον,κύριος,G2962,716
126559,1Pierre,2,13,εἴτε,εἴτε,G1535,65
126560,1Pierre,2,13,βασιλεῖ,βασιλεύς,G0935,115
126561,1Pierre,2,13,ὡς,ὡς,G5613,501
126562,1Pierre,2,13,ὑπερέχοντι,ὑπερέχω,G5242,5
126563,1Pierre,2,14,εἴτε,εἴτε,G1535,65
126564,1Pierre,2,14,ἡγεμόσιν,ἡγεμών,G2232,20
126565,1Pierre,2,14,ὡς,ὡς,G5613,501
126566,1Pierre,2,14,δι᾽,διά,G1223,666
126567,1Pierre,2,14,αὐτοῦ,αὐτός,G0846,5558
126568,1Pierre,2,14,πεμπομένοις,πέμπω,G3992,79
126569,1Pierre,2,14,εἰς,εἰς,G1519,1757
126570,1Pierre,2,14,ἐκδίκησιν,ἐκδίκησις,G1557,9
126572,1Pierre,2,14,κακοποιῶν,κακοποιός,G2555,3
126573,1Pierre,2,14,ἔπαινον,ἔπαινος,G1868,11
126574,1Pierre,2,14,δὲ,δέ,G1161,2771
126575,1Pierre,2,14,ἀγαθοποιῶν,ἀγαθοποιός,G0017,1
126576,1Pierre,2,15,ὅτι,ὅτι,G3754,1291
126577,1Pierre,2,15,οὕτως,οὕτω,G3779,207
126578,1Pierre,2,15,ἐστὶν,εἰμί,G1510,2458
126579,1Pierre,2,15,τὸ,ὁ,G3588,19785
126580,1Pierre,2,15,θέλημα,θέλημα,G2307,62
126581,1Pierre,2,15,τοῦ,ὁ,G3588,19785
126582,1Pierre,2,15,θεοῦ,θεός,G2316,1311
126583,1Pierre,2,15,ἀγαθοποιοῦντας,ἀγαθοποιέω,G0015,9
126584,1Pierre,2,15,φιμοῦν,φιμόω,G5392,8
126585,1Pierre,2,15,τὴν,ὁ,G3588,19785
126586,1Pierre,2,15,τῶν,ὁ,G3588,19785
126587,1Pierre,2,15,ἀφρόνων,ἄφρων,G0878,11
126588,1Pierre,2,15,ἀνθρώπων,ἄνθρωπος,G0444,549
126589,1Pierre,2,15,ἀγνωσίαν,ἀγνωσία,G0056,2
126590,1Pierre,2,16,ὡς,ὡς,G5613,501
126591,1Pierre,2,16,ἐλεύθεροι,ἐλεύθερος,G1658,23
126592,1Pierre,2,16,καὶ,καί,G2532,9108
126593,1Pierre,2,16,μὴ,μή,G3361,1065
126594,1Pierre,2,16,ὡς,ὡς,G5613,501
126595,1Pierre,2,16,ἐπικάλυμμα,ἐπικάλυμμα,G1942,1
126596,1Pierre,2,16,ἔχοντες,ἔχω,G2192,706
126597,1Pierre,2,16,τῆς,ὁ,G3588,19785
126598,1Pierre,2,16,κακίας,κακία,G2549,11
126599,1Pierre,2,16,τὴν,ὁ,G3588,19785
126600,1Pierre,2,16,ἐλευθερίαν,ἐλευθερία,G1657,11
126601,1Pierre,2,16,ἀλλ᾽,ἀλλά,G0235,638
126602,1Pierre,2,16,ὡς,ὡς,G5613,501
126603,1Pierre,2,16,θεοῦ,θεός,G2316,1311
126604,1Pierre,2,16,δοῦλοι,δοῦλος,G1401,129
126605,1Pierre,2,17,πάντας,πᾶς,G3956,1236
126606,1Pierre,2,17,τιμήσατε,τιμάω,G5091,21
126607,1Pierre,2,17,τὴν,ὁ,G3588,19785
126608,1Pierre,2,17,ἀδελφότητα,ἀδελφότης,G0081,2
126609,1Pierre,2,17,ἀγαπᾶτε,ἀγαπάω,G0025,143
126610,1Pierre,2,17,τὸν,ὁ,G3588,19785
126611,1Pierre,2,17,θεὸν,θεός,G2316,1311
126612,1Pierre,2,17,φοβεῖσθε,φοβέω,G5399,95
126613,1Pierre,2,17,τὸν,ὁ,G3588,19785
126614,1Pierre,2,17,βασιλέα,βασιλεύς,G0935,115
126615,1Pierre,2,17,τιμᾶτε,τιμάω,G5091,21
126616,1Pierre,2,18,Οἱ,ὁ,G3588,19785
126617,1Pierre,2,18,οἰκέται,οἰκέτης,G3610,4
126618,1Pierre,2,18,ὑποτασσόμενοι,ὑποτάσσω,G5293,38
126619,1Pierre,2,18,ἐν,ἐν,G1722,2728
126620,1Pierre,2,18,παντὶ,πᾶς,G3956,1236
126621,1Pierre,2,18,φόβῳ,φόβος,G5401,47
126622,1Pierre,2,18,τοῖς,ὁ,G3588,19785
126623,1Pierre,2,18,δεσπόταις,δεσπότης,G1203,10
126624,1Pierre,2,18,οὐ,οὐ,G3756,1667
126625,1Pierre,2,18,μόνον,μόνος,G3441,111
126626,1Pierre,2,18,τοῖς,ὁ,G3588,19785
126627,1Pierre,2,18,ἀγαθοῖς,ἀγαθός,G0018,102
126628,1Pierre,2,18,καὶ,καί,G2532,9108
126629,1Pierre,2,18,ἐπιεικέσιν,ἐπιεικής,G1933,5
126630,1Pierre,2,18,ἀλλὰ,ἀλλά,G0235,638
126631,1Pierre,2,18,καὶ,καί,G2532,9108
126632,1Pierre,2,18,τοῖς,ὁ,G3588,19785
126633,1Pierre,2,18,σκολιοῖς,σκολιός,G4646,4
126634,1Pierre,2,19,τοῦτο,οὗτος,G3778,1380
126635,1Pierre,2,19,γὰρ,γάρ,G1063,1039
126636,1Pierre,2,19,χάρις,χάρις,G5485,154
126637,1Pierre,2,19,εἰ,εἰ,G1487,506
126638,1Pierre,2,19,διὰ,διά,G1223,666
126639,1Pierre,2,19,συνείδησιν,συνείδησις,G4893,30
126640,1Pierre,2,19,θεοῦ,θεός,G2316,1311
126641,1Pierre,2,19,ὑποφέρει,ὑποφέρω,G5297,3
126642,1Pierre,2,19,τις,τις,G5100,525
126643,1Pierre,2,19,λύπας,λύπη,G3077,16
126644,1Pierre,2,19,πάσχων,πάσχω,G3958,41
126645,1Pierre,2,19,ἀδίκως,ἀδίκως,G0095,1
126646,1Pierre,2,20,ποῖον,ποῖος,G4169,33
126647,1Pierre,2,20,γὰρ,γάρ,G1063,1039
126648,1Pierre,2,20,κλέος,κλέος,G2811,1
126649,1Pierre,2,20,εἰ,εἰ,G1487,506
126650,1Pierre,2,20,ἁμαρτάνοντες,ἁμαρτάνω,G0264,42
126651,1Pierre,2,20,καὶ,καί,G2532,9108
126652,1Pierre,2,20,κολαφιζόμενοι,κολαφίζω,G2852,5
126653,1Pierre,2,20,ὑπομενεῖτε,ὑπομένω,G5278,17
126654,1Pierre,2,20,ἀλλ᾽,ἀλλά,G0235,638
126655,1Pierre,2,20,εἰ,εἰ,G1487,506
126656,1Pierre,2,20,ἀγαθοποιοῦντες,ἀγαθοποιέω,G0015,9
126657,1Pierre,2,20,καὶ,καί,G2532,9108
126658,1Pierre,2,20,πάσχοντες,πάσχω,G3958,41
126659,1Pierre,2,20,ὑπομενεῖτε,ὑπομένω,G5278,17
126660,1Pierre,2,20,τοῦτο,οὗτος,G3778,1380
126661,1Pierre,2,20,χάρις,χάρις,G5485,154
126662,1Pierre,2,20,παρὰ,παρά,G3844,194
126663,1Pierre,2,20,θεῷ,θεός,G2316,1311
126664,1Pierre,2,21,εἰς,εἰς,G1519,1757
126665,1Pierre,2,21,τοῦτο,οὗτος,G3778,1380
126666,1Pierre,2,21,γὰρ,γάρ,G1063,1039
126667,1Pierre,2,21,ἐκλήθητε,καλέω,G2564,148
126668,1Pierre,2,21,ὅτι,ὅτι,G3754,1291
126669,1Pierre,2,21,καὶ,καί,G2532,9108
126670,1Pierre,2,21,Χριστὸς,Χριστός,G5547,529
126671,1Pierre,2,21,ἔπαθεν,πάσχω,G3958,41
126672,1Pierre,2,21,ὑπὲρ,ὑπέρ,G5228,153
126673,1Pierre,2,21,ὑμῶν,σύ,G4771,2896
126674,1Pierre,2,21,ὑμῖν,σύ,G4771,2896
126675,1Pierre,2,21,ὑπολιμπάνων,ὑπολιμπάνω,G5277,1
126676,1Pierre,2,21,ὑπογραμμὸν,ὑπογραμμός,G5261,1
126677,1Pierre,2,21,ἵνα,ἵνα,G2443,668
126678,1Pierre,2,21,ἐπακολουθήσητε,ἐπακολουθέω,G1872,4
126679,1Pierre,2,21,τοῖς,ὁ,G3588,19785
126680,1Pierre,2,21,ἴχνεσιν,ἴχνος,G2487,3
126681,1Pierre,2,21,αὐτοῦ,αὐτός,G0846,5558
126682,1Pierre,2,22,ὃς,ὅς,G3739,1408
126683,1Pierre,2,22,ἁμαρτίαν,ἁμαρτία,G0266,173
126684,1Pierre,2,22,οὐκ,οὐ,G3756,1667
126685,1Pierre,2,22,ἐποίησεν,ποιέω,G4160,568
126686,1Pierre,2,22,οὐδὲ,οὐδέ,G3761,140
126687,1Pierre,2,22,εὑρέθη,εὑρίσκω,G2147,176
126688,1Pierre,2,22,δόλος,δόλος,G1388,11
126689,1Pierre,2,22,ἐν,ἐν,G1722,2728
126690,1Pierre,2,22,τῷ,ὁ,G3588,19785
126691,1Pierre,2,22,στόματι,στόμα,G4750,78
126692,1Pierre,2,22,αὐτοῦ,αὐτός,G0846,5558
126693,1Pierre,2,23,ὃς,ὅς,G3739,1408
126694,1Pierre,2,23,λοιδορούμενος,λοιδορέω,G3058,4
126695,1Pierre,2,23,οὐκ,οὐ,G3756,1667
126696,1Pierre,2,23,ἀντελοιδόρει,ἀντιλοιδορέω,G0486,1
126697,1Pierre,2,23,πάσχων,πάσχω,G3958,41
126698,1Pierre,2,23,οὐκ,οὐ,G3756,1667
126699,1Pierre,2,23,ἠπείλει,ἀπειλέω,G0546,2
126700,1Pierre,2,23,παρεδίδου,παραδίδωμι,G3860,118
126701,1Pierre,2,23,δὲ,δέ,G1161,2771
126702,1Pierre,2,23,τῷ,ὁ,G3588,19785
126703,1Pierre,2,23,κρίνοντι,κρίνω,G2919,113
126704,1Pierre,2,23,δικαίως,δικαίως,G1346,5
126705,1Pierre,2,24,ὃς,ὅς,G3739,1408
126706,1Pierre,2,24,τὰς,ὁ,G3588,19785
126707,1Pierre,2,24,ἁμαρτίας,ἁμαρτία,G0266,173
126708,1Pierre,2,24,ἡμῶν,ἐγώ,G1473,2462
126709,1Pierre,2,24,αὐτὸς,αὐτός,G0846,5558
126710,1Pierre,2,24,ἀνήνεγκεν,ἀναφέρω,G0399,10
126711,1Pierre,2,24,ἐν,ἐν,G1722,2728
126712,1Pierre,2,24,τῷ,ὁ,G3588,19785
126713,1Pierre,2,24,σώματι,σῶμα,G4983,142
126714,1Pierre,2,24,αὐτοῦ,αὐτός,G0846,5558
126715,1Pierre,2,24,ἐπὶ,ἐπί,G1909,884
126716,1Pierre,2,24,τὸ,ὁ,G3588,19785
126717,1Pierre,2,24,ξύλον,ξύλον,G3586,20
126718,1Pierre,2,24,ἵνα,ἵνα,G2443,668
126719,1Pierre,2,24,ταῖς,ὁ,G3588,19785
126720,1Pierre,2,24,ἁμαρτίαις,ἁμαρτία,G0266,173
126721,1Pierre,2,24,ἀπογενόμενοι,ἀπογενόμενος,G0581,1
126722,1Pierre,2,24,τῆ,ὁ,G3588,19785
126723,1Pierre,2,24,δικαιοσύνῃ,δικαιοσύνη,G1343,92
126724,1Pierre,2,24,ζήσωμεν,ζάω,G2198,139
126725,1Pierre,2,24,οὗ,ὅς,G3739,1408
126726,1Pierre,2,24,τῷ,ὁ,G3588,19785
126727,1Pierre,2,24,μώλωπι,μώλωψ,G3468,1
126729,1Pierre,2,24,ἰάθητε,ἰάομαι,G2390,26
126730,1Pierre,2,25,ἦτε,εἰμί,G1510,2458
126731,1Pierre,2,25,γὰρ,γάρ,G1063,1039
126732,1Pierre,2,25,ὡς,ὡς,G5613,501
126733,1Pierre,2,25,πρόβατα,πρόβατον,G4263,39
126734,1Pierre,2,25,πλανώμενοι,πλανάω,G4105,39
126735,1Pierre,2,25,ἀλλ᾽,ἀλλά,G0235,638
126736,1Pierre,2,25,ἐπεστράφητε,ἐπιστρέφω,G1994,36
126737,1Pierre,2,25,νῦν,νῦν,G3568,144
126738,1Pierre,2,25,ἐπὶ,ἐπί,G1909,884
126739,1Pierre,2,25,τὸν,ὁ,G3588,19785
126740,1Pierre,2,25,ποιμένα,ποιμήν,G4166,18
126741,1Pierre,2,25,καὶ,καί,G2532,9108
126742,1Pierre,2,25,ἐπίσκοπον,ἐπίσκοπος,G1985,5
126743,1Pierre,2,25,τῶν,ὁ,G3588,19785
126744,1Pierre,2,25,ψυχῶν,ψυχή,G5590,102
126745,1Pierre,2,25,ὑμῶν,σύ,G4771,2896
126746,1Pierre,3,1,Ὁμοίως,ὁμοίως,G3668,31
126748,1Pierre,3,1,γυναῖκες,γυνή,G1135,211
126749,1Pierre,3,1,ὑποτασσόμεναι,ὑποτάσσω,G5293,38
126750,1Pierre,3,1,τοῖς,ὁ,G3588,19785
126751,1Pierre,3,1,ἰδίοις,ἴδιος,G2398,113
126752,1Pierre,3,1,ἀνδράσιν,ἀνήρ,G0435,216
126753,1Pierre,3,1,ἵνα,ἵνα,G2443,668
126754,1Pierre,3,1,καὶ,καί,G2532,9108
126755,1Pierre,3,1,εἴ,εἰ,G1487,506
126756,1Pierre,3,1,τινες,τις,G5100,525
126757,1Pierre,3,1,ἀπειθοῦσιν,ἀπειθέω,G0544,14
126758,1Pierre,3,1,τῷ,ὁ,G3588,19785
126759,1Pierre,3,1,λόγῳ,λόγος,G3056,330
126760,1Pierre,3,1,διὰ,διά,G1223,666
126761,1Pierre,3,1,τῆς,ὁ,G3588,19785
126762,1Pierre,3,1,τῶν,ὁ,G3588,19785
126763,1Pierre,3,1,γυναικῶν,γυνή,G1135,211
126764,1Pierre,3,1,ἀναστροφῆς,ἀναστροφή,G0391,13
126765,1Pierre,3,1,ἄνευ,ἄνευ,G0427,3
126766,1Pierre,3,1,λόγου,λόγος,G3056,330
126767,1Pierre,3,1,κερδηθήσονται,κερδαίνω,G2770,17
126768,1Pierre,3,2,ἐποπτεύσαντες,ἐποπτεύω,G2029,2
126769,1Pierre,3,2,τὴν,ὁ,G3588,19785
126770,1Pierre,3,2,ἐν,ἐν,G1722,2728
126771,1Pierre,3,2,φόβῳ,φόβος,G5401,47
126772,1Pierre,3,2,ἁγνὴν,ἁγνός,G0053,8
126773,1Pierre,3,2,ἀναστροφὴν,ἀναστροφή,G0391,13
126774,1Pierre,3,2,ὑμῶν,σύ,G4771,2896
126775,1Pierre,3,3,ὧν,ὅς,G3739,1408
126776,1Pierre,3,3,ἔστω,εἰμί,G1510,2458
126777,1Pierre,3,3,οὐχ,οὐ,G3756,1667
126778,1Pierre,3,3,ὁ,ὁ,G3588,19785
126779,1Pierre,3,3,ἔξωθεν,ἔξωθεν,G1855,13
126780,1Pierre,3,3,ἐμπλοκῆς,ἐμπλοκή,G1708,1
126781,1Pierre,3,3,τριχῶν,θρίξ,G2359,15
126782,1Pierre,3,3,καὶ,καί,G2532,9108
126783,1Pierre,3,3,περιθέσεως,περίθεσις,G4025,1
126784,1Pierre,3,3,χρυσίων,χρυσίον,G5553,11
126785,1Pierre,3,3,ἢ,ἤ,G2228,346
126786,1Pierre,3,3,ἐνδύσεως,ἔνδυσις,G1745,1
126787,1Pierre,3,3,ἱματίων,ἱμάτιον,G2440,59
126788,1Pierre,3,3,κόσμος,κόσμος,G2889,185
126789,1Pierre,3,4,ἀλλ᾽,ἀλλά,G0235,638
126790,1Pierre,3,4,ὁ,ὁ,G3588,19785
126791,1Pierre,3,4,κρυπτὸς,κρυπτός,G2927,17
126792,1Pierre,3,4,τῆς,ὁ,G3588,19785
126793,1Pierre,3,4,καρδίας,καρδία,G2588,155
126794,1Pierre,3,4,ἄνθρωπος,ἄνθρωπος,G0444,549
126795,1Pierre,3,4,ἐν,ἐν,G1722,2728
126796,1Pierre,3,4,τῷ,ὁ,G3588,19785
126797,1Pierre,3,4,ἀφθάρτῳ,ἄφθαρτος,G0862,7
126798,1Pierre,3,4,τοῦ,ὁ,G3588,19785
126799,1Pierre,3,4,πραέως,πραΰς,G4239,4
126800,1Pierre,3,4,καὶ,καί,G2532,9108
126801,1Pierre,3,4,ἡσυχίου,ἡσύχιος,G2272,2
126802,1Pierre,3,4,πνεύματος,πνεῦμα,G4151,378
126803,1Pierre,3,4,ὅ,ὅς,G3739,1408
126804,1Pierre,3,4,ἐστιν,εἰμί,G1510,2458
126805,1Pierre,3,4,ἐνώπιον,ἐνώπιον,G1799,94
126806,1Pierre,3,4,τοῦ,ὁ,G3588,19785
126807,1Pierre,3,4,θεοῦ,θεός,G2316,1311
126808,1Pierre,3,4,πολυτελές,πολυτελής,G4185,3
126809,1Pierre,3,5,οὕτως,οὕτω,G3779,207
126810,1Pierre,3,5,γάρ,γάρ,G1063,1039
126811,1Pierre,3,5,ποτε,ποτέ,G4218,29
126812,1Pierre,3,5,καὶ,καί,G2532,9108
126813,1Pierre,3,5,αἱ,ὁ,G3588,19785
126814,1Pierre,3,5,ἅγιαι,ἅγιος,G0040,224
126815,1Pierre,3,5,γυναῖκες,γυνή,G1135,211
126816,1Pierre,3,5,αἱ,ὁ,G3588,19785
126817,1Pierre,3,5,ἐλπίζουσαι,ἐλπίζω,G1679,31
126818,1Pierre,3,5,εἰς,εἰς,G1519,1757
126820,1Pierre,3,5,θεὸν,θεός,G2316,1311
126821,1Pierre,3,5,ἐκόσμουν,κοσμέω,G2885,10
126822,1Pierre,3,5,ἑαυτάς,ἑαυτοῦ,G1438,317
126823,1Pierre,3,5,ὑποτασσόμεναι,ὑποτάσσω,G5293,38
126824,1Pierre,3,5,τοῖς,ὁ,G3588,19785
126825,1Pierre,3,5,ἰδίοις,ἴδιος,G2398,113
126826,1Pierre,3,5,ἀνδράσιν,ἀνήρ,G0435,216
126827,1Pierre,3,6,ὡς,ὡς,G5613,501
126828,1Pierre,3,6,Σάρρα,Σάρρα,G4564,4
126829,1Pierre,3,6,ὑπήκουσεν,ὑπακούω,G5219,21
126830,1Pierre,3,6,τῷ,ὁ,G3588,19785
126831,1Pierre,3,6,Ἀβραὰμ,Ἀβραάμ,G0011,73
126832,1Pierre,3,6,κύριον,κύριος,G2962,716
126833,1Pierre,3,6,αὐτὸν,αὐτός,G0846,5558
126834,1Pierre,3,6,καλοῦσα,καλέω,G2564,148
126835,1Pierre,3,6,ἧς,ὅς,G3739,1408
126836,1Pierre,3,6,ἐγενήθητε,γίνομαι,G1096,662
126837,1Pierre,3,6,τέκνα,τέκνον,G5043,98
126838,1Pierre,3,6,ἀγαθοποιοῦσαι,ἀγαθοποιέω,G0015,9
126839,1Pierre,3,6,καὶ,καί,G2532,9108
126840,1Pierre,3,6,μὴ,μή,G3361,1065
126841,1Pierre,3,6,φοβούμεναι,φοβέω,G5399,95
126842,1Pierre,3,6,μηδεμίαν,μηδείς,G3367,90
126843,1Pierre,3,6,πτόησιν,πτόησις,G4423,1
126844,1Pierre,3,7,Οἱ,ὁ,G3588,19785
126845,1Pierre,3,7,ἄνδρες,ἀνήρ,G0435,216
126846,1Pierre,3,7,ὁμοίως,ὁμοίως,G3668,31
126847,1Pierre,3,7,συνοικοῦντες,συνοικέω,G4924,1
126848,1Pierre,3,7,κατὰ,κατά,G2596,472
126849,1Pierre,3,7,γνῶσιν,γνῶσις,G1108,29
126850,1Pierre,3,7,ὡς,ὡς,G5613,501
126851,1Pierre,3,7,ἀσθενεστέρῳ,ἀσθενής,G0772,26
126852,1Pierre,3,7,σκεύει,σκεῦος,G4632,23
126853,1Pierre,3,7,τῷ,ὁ,G3588,19785
126854,1Pierre,3,7,γυναικείῳ,γυναικεῖος,G1134,1
126855,1Pierre,3,7,ἀπονέμοντες,ἀπονέμω,G0632,1
126856,1Pierre,3,7,τιμὴν,τιμή,G5092,41
126857,1Pierre,3,7,ὡς,ὡς,G5613,501
126858,1Pierre,3,7,καὶ,καί,G2532,9108
126859,1Pierre,3,7,συγκληρονόμοις,συγκληρονόμος,G4789,4
126860,1Pierre,3,7,χάριτος,χάρις,G5485,154
126861,1Pierre,3,7,ζωῆς,ζωή,G2222,135
126862,1Pierre,3,7,εἰς,εἰς,G1519,1757
126863,1Pierre,3,7,τὸ,ὁ,G3588,19785
126864,1Pierre,3,7,μὴ,μή,G3361,1065
126865,1Pierre,3,7,ἐγκόπτεσθαι,ἐγκόπτω,G1465,5
126866,1Pierre,3,7,τὰς,ὁ,G3588,19785
126867,1Pierre,3,7,προσευχὰς,προσευχή,G4335,36
126868,1Pierre,3,7,ὑμῶν,σύ,G4771,2896
126869,1Pierre,3,8,Τὸ,ὁ,G3588,19785
126870,1Pierre,3,8,δὲ,δέ,G1161,2771
126871,1Pierre,3,8,τέλος,τέλος,G5056,40
126872,1Pierre,3,8,πάντες,πᾶς,G3956,1236
126873,1Pierre,3,8,ὁμόφρονες,ὁμόφρων,G3675,1
126874,1Pierre,3,8,συμπαθεῖς,συμπαθής,G4835,1
126875,1Pierre,3,8,φιλάδελφοι,φιλάδελφος,G5361,1
126876,1Pierre,3,8,εὔσπλαγχνοι,εὔσπλαγχνος,G2155,2
126877,1Pierre,3,8,ταπεινόφρονες,ταπεινοφροσύνη,G9402,1
126878,1Pierre,3,9,μὴ,μή,G3361,1065
126879,1Pierre,3,9,ἀποδιδόντες,ἀποδίδωμι,G0591,47
126880,1Pierre,3,9,κακὸν,κακός,G2556,50
126881,1Pierre,3,9,ἀντὶ,ἀντί,G0473,22
126882,1Pierre,3,9,κακοῦ,κακός,G2556,50
126883,1Pierre,3,9,ἢ,ἤ,G2228,346
126884,1Pierre,3,9,λοιδορίαν,λοιδορία,G3059,3
126885,1Pierre,3,9,ἀντὶ,ἀντί,G0473,22
126886,1Pierre,3,9,λοιδορίας,λοιδορία,G3059,3
126887,1Pierre,3,9,τοὐναντίον,τοὐναντίον,G5121,3
126888,1Pierre,3,9,δὲ,δέ,G1161,2771
126889,1Pierre,3,9,εὐλογοῦντες,εὐλογέω,G2127,41
126891,1Pierre,3,9,ὅτι,ὅτι,G3754,1291
126892,1Pierre,3,9,εἰς,εἰς,G1519,1757
126893,1Pierre,3,9,τοῦτο,οὗτος,G3778,1380
126894,1Pierre,3,9,ἐκλήθητε,καλέω,G2564,148
126895,1Pierre,3,9,ἵνα,ἵνα,G2443,668
126896,1Pierre,3,9,εὐλογίαν,εὐλογία,G2129,16
126897,1Pierre,3,9,κληρονομήσητε,κληρονομέω,G2816,18
126898,1Pierre,3,10,ὁ,ὁ,G3588,19785
126899,1Pierre,3,10,γὰρ,γάρ,G1063,1039
126900,1Pierre,3,10,θέλων,θέλω,G2309,208
126901,1Pierre,3,10,ζωὴν,ζωή,G2222,135
126902,1Pierre,3,10,ἀγαπᾶν,ἀγαπάω,G0025,143
126903,1Pierre,3,10,καὶ,καί,G2532,9108
126904,1Pierre,3,10,ἰδεῖν,εἴδω,G1492,374
126905,1Pierre,3,10,ἡμέρας,ἡμέρα,G2250,388
126906,1Pierre,3,10,ἀγαθὰς,ἀγαθός,G0018,102
126907,1Pierre,3,10,παυσάτω,παύω,G3973,15
126908,1Pierre,3,10,τὴν,ὁ,G3588,19785
126909,1Pierre,3,10,γλῶσσαν,γλῶσσα,G1100,50
126911,1Pierre,3,10,ἀπὸ,ἀπό,G0575,640
126912,1Pierre,3,10,κακοῦ,κακός,G2556,50
126913,1Pierre,3,10,καὶ,καί,G2532,9108
126914,1Pierre,3,10,χείλη,χεῖλος,G5491,7
126916,1Pierre,3,10,τοῦ,ὁ,G3588,19785
126917,1Pierre,3,10,μὴ,μή,G3361,1065
126918,1Pierre,3,10,λαλῆσαι,λαλέω,G2980,296
126919,1Pierre,3,10,δόλον,δόλος,G1388,11
126920,1Pierre,3,11,ἐκκλινάτω,ἐκκλίνω,G1578,2
126921,1Pierre,3,11,δὲ,δέ,G1161,2771
126922,1Pierre,3,11,ἀπὸ,ἀπό,G0575,640
126923,1Pierre,3,11,κακοῦ,κακός,G2556,50
126924,1Pierre,3,11,καὶ,καί,G2532,9108
126925,1Pierre,3,11,ποιησάτω,ποιέω,G4160,568
126926,1Pierre,3,11,ἀγαθόν,ἀγαθός,G0018,102
126927,1Pierre,3,11,ζητησάτω,ζητέω,G2212,116
126928,1Pierre,3,11,εἰρήνην,εἰρήνη,G1515,92
126929,1Pierre,3,11,καὶ,καί,G2532,9108
126930,1Pierre,3,11,διωξάτω,διώκω,G1377,45
126931,1Pierre,3,11,αὐτήν,αὐτός,G0846,5558
126932,1Pierre,3,12,ὅτι,ὅτι,G3754,1291
126934,1Pierre,3,12,ὀφθαλμοὶ,ὀφθαλμός,G3788,100
126935,1Pierre,3,12,κυρίου,κύριος,G2962,716
126936,1Pierre,3,12,ἐπὶ,ἐπί,G1909,884
126937,1Pierre,3,12,δικαίους,δίκαιος,G1342,80
126938,1Pierre,3,12,καὶ,καί,G2532,9108
126939,1Pierre,3,12,ὦτα,οὖς,G3775,36
126940,1Pierre,3,12,αὐτοῦ,αὐτός,G0846,5558
126941,1Pierre,3,12,εἰς,εἰς,G1519,1757
126942,1Pierre,3,12,δέησιν,δέησις,G1162,18
126943,1Pierre,3,12,αὐτῶν,αὐτός,G0846,5558
126944,1Pierre,3,12,πρόσωπον,πρόσωπον,G4383,76
126945,1Pierre,3,12,δὲ,δέ,G1161,2771
126946,1Pierre,3,12,κυρίου,κύριος,G2962,716
126947,1Pierre,3,12,ἐπὶ,ἐπί,G1909,884
126948,1Pierre,3,12,ποιοῦντας,ποιέω,G4160,568
126949,1Pierre,3,12,κακά,κακός,G2556,50
126950,1Pierre,3,13,Καὶ,καί,G2532,9108
126951,1Pierre,3,13,τίς,τίς,G5101,558
126952,1Pierre,3,13,ὁ,ὁ,G3588,19785
126953,1Pierre,3,13,κακώσων,κακόω,G2559,6
126954,1Pierre,3,13,ὑμᾶς,σύ,G4771,2896
126955,1Pierre,3,13,ἐὰν,ἐάν,G1437,327
126956,1Pierre,3,13,τοῦ,ὁ,G3588,19785
126957,1Pierre,3,13,ἀγαθοῦ,ἀγαθός,G0018,102
126958,1Pierre,3,13,ζηλωταὶ,ζηλωτής,G2207,6
126959,1Pierre,3,13,γένησθε,γίνομαι,G1096,662
126960,1Pierre,3,14,ἀλλ᾽,ἀλλά,G0235,638
126961,1Pierre,3,14,εἰ,εἰ,G1487,506
126962,1Pierre,3,14,καὶ,καί,G2532,9108
126963,1Pierre,3,14,πάσχοιτε,πάσχω,G3958,41
126964,1Pierre,3,14,διὰ,διά,G1223,666
126965,1Pierre,3,14,δικαιοσύνην,δικαιοσύνη,G1343,92
126966,1Pierre,3,14,μακάριοι,μακάριος,G3107,50
126967,1Pierre,3,14,τὸν,ὁ,G3588,19785
126968,1Pierre,3,14,δὲ,δέ,G1161,2771
126969,1Pierre,3,14,φόβον,φόβος,G5401,47
126970,1Pierre,3,14,αὐτῶν,αὐτός,G0846,5558
126971,1Pierre,3,14,μὴ,μή,G3361,1065
126972,1Pierre,3,14,φοβηθῆτε,φοβέω,G5399,95
126973,1Pierre,3,14,μηδὲ,μηδέ,G3366,57
126974,1Pierre,3,14,ταραχθῆτε,ταράσσω,G5015,17
126975,1Pierre,3,15,κύριον,κύριος,G2962,716
126976,1Pierre,3,15,δὲ,δέ,G1161,2771
126977,1Pierre,3,15,τὸν,ὁ,G3588,19785
126978,1Pierre,3,15,Χριστὸν,Χριστός,G5547,529
126979,1Pierre,3,15,ἁγιάσατε,ἁγιάζω,G0037,28
126980,1Pierre,3,15,ἐν,ἐν,G1722,2728
126981,1Pierre,3,15,ταῖς,ὁ,G3588,19785
126982,1Pierre,3,15,καρδίαις,καρδία,G2588,155
126983,1Pierre,3,15,ὑμῶν,σύ,G4771,2896
126984,1Pierre,3,15,Ἕτοιμοι,ἕτοιμος,G2092,17
126986,1Pierre,3,15,ἀεὶ,ἀεί,G0104,8
126987,1Pierre,3,15,πρὸς,πρός,G4314,699
126988,1Pierre,3,15,ἀπολογίαν,ἀπολογία,G0627,8
126989,1Pierre,3,15,παντὶ,πᾶς,G3956,1236
126990,1Pierre,3,15,τῷ,ὁ,G3588,19785
126991,1Pierre,3,15,αἰτοῦντι,αἰτέω,G0154,70
126992,1Pierre,3,15,ὑμᾶς,σύ,G4771,2896
126993,1Pierre,3,15,λόγον,λόγος,G3056,330
126994,1Pierre,3,15,περὶ,περί,G4012,331
126995,1Pierre,3,15,τῆς,ὁ,G3588,19785
126996,1Pierre,3,15,ἐν,ἐν,G1722,2728
126997,1Pierre,3,15,ὑμῖν,σύ,G4771,2896
126998,1Pierre,3,15,ἐλπίδος,ἐλπίς,G1680,53
126999,1Pierre,3,16,ἀλλὰ,ἀλλά,G0235,638
127000,1Pierre,3,16,μετὰ,μετά,G3326,468
127001,1Pierre,3,16,πραΰτητος,πραΰτης,G4240,11
127002,1Pierre,3,16,καὶ,καί,G2532,9108
127003,1Pierre,3,16,φόβου,φόβος,G5401,47
127004,1Pierre,3,16,συνείδησιν,συνείδησις,G4893,30
127005,1Pierre,3,16,ἔχοντες,ἔχω,G2192,706
127006,1Pierre,3,16,ἀγαθήν,ἀγαθός,G0018,102
127007,1Pierre,3,16,ἵνα,ἵνα,G2443,668
127008,1Pierre,3,16,ἐν,ἐν,G1722,2728
127009,1Pierre,3,16,ᾧ,ὅς,G3739,1408
127010,1Pierre,3,16,καταλαλεῖσθε,καταλαλέω,G2635,5
127014,1Pierre,3,16,καταισχυνθῶσιν,καταισχύνω,G2617,13
127015,1Pierre,3,16,οἱ,ὁ,G3588,19785
127016,1Pierre,3,16,ἐπηρεάζοντες,ἐπηρεάζω,G1908,2
127017,1Pierre,3,16,ὑμῶν,σύ,G4771,2896
127018,1Pierre,3,16,τὴν,ὁ,G3588,19785
127019,1Pierre,3,16,ἀγαθὴν,ἀγαθός,G0018,102
127020,1Pierre,3,16,ἐν,ἐν,G1722,2728
127021,1Pierre,3,16,Χριστῷ,Χριστός,G5547,529
127022,1Pierre,3,16,ἀναστροφήν,ἀναστροφή,G0391,13
127023,1Pierre,3,17,κρεῖττον,κρείσσων,G2908,18
127024,1Pierre,3,17,γὰρ,γάρ,G1063,1039
127025,1Pierre,3,17,ἀγαθοποιοῦντας,ἀγαθοποιέω,G0015,9
127026,1Pierre,3,17,εἰ,εἰ,G1487,506
127027,1Pierre,3,17,θέλοι,θέλω,G2309,208
127028,1Pierre,3,17,τὸ,ὁ,G3588,19785
127029,1Pierre,3,17,θέλημα,θέλημα,G2307,62
127030,1Pierre,3,17,τοῦ,ὁ,G3588,19785
127031,1Pierre,3,17,θεοῦ,θεός,G2316,1311
127032,1Pierre,3,17,πάσχειν,πάσχω,G3958,41
127033,1Pierre,3,17,ἢ,ἤ,G2228,346
127034,1Pierre,3,17,κακοποιοῦντας,κακοποιέω,G2554,4
127035,1Pierre,3,18,ὅτι,ὅτι,G3754,1291
127036,1Pierre,3,18,καὶ,καί,G2532,9108
127037,1Pierre,3,18,Χριστὸς,Χριστός,G5547,529
127038,1Pierre,3,18,ἅπαξ,ἅπαξ,G0530,14
127039,1Pierre,3,18,περὶ,περί,G4012,331
127040,1Pierre,3,18,ἁμαρτιῶν,ἁμαρτία,G0266,173
127041,1Pierre,3,18,ἔπαθεν,πάσχω,G3958,41
127042,1Pierre,3,18,δίκαιος,δίκαιος,G1342,80
127043,1Pierre,3,18,ὑπὲρ,ὑπέρ,G5228,153
127044,1Pierre,3,18,ἀδίκων,ἄδικος,G0094,12
127045,1Pierre,3,18,ἵνα,ἵνα,G2443,668
127046,1Pierre,3,18,ὑμᾶς,σύ,G4771,2896
127047,1Pierre,3,18,προσαγάγῃ,προσάγω,G4317,4
127048,1Pierre,3,18,τῷ,ὁ,G3588,19785
127049,1Pierre,3,18,θεῷ,θεός,G2316,1311
127050,1Pierre,3,18,θανατωθεὶς,θανατόω,G2289,11
127051,1Pierre,3,18,μὲν,μέν,G3303,178
127052,1Pierre,3,18,σαρκί,σάρξ,G4561,147
127053,1Pierre,3,18,ζῳοποιηθεὶς,ζωοποιέω,G2227,11
127054,1Pierre,3,18,δὲ,δέ,G1161,2771
127056,1Pierre,3,18,πνεύματι,πνεῦμα,G4151,378
127057,1Pierre,3,19,ἐν,ἐν,G1722,2728
127058,1Pierre,3,19,ᾧ,ὅς,G3739,1408
127059,1Pierre,3,19,καὶ,καί,G2532,9108
127060,1Pierre,3,19,τοῖς,ὁ,G3588,19785
127061,1Pierre,3,19,ἐν,ἐν,G1722,2728
127062,1Pierre,3,19,φυλακῆ,φυλακή,G5438,46
127063,1Pierre,3,19,πνεύμασιν,πνεῦμα,G4151,378
127064,1Pierre,3,19,πορευθεὶς,πορεύω,G4198,150
127065,1Pierre,3,19,ἐκήρυξεν,κηρύσσω,G2784,61
127066,1Pierre,3,20,ἀπειθήσασίν,ἀπειθέω,G0544,14
127067,1Pierre,3,20,ποτε,ποτέ,G4218,29
127068,1Pierre,3,20,ὅτε,ὅτε,G3753,102
127069,1Pierre,3,20,ἀπεξεδέχετο,ἀπεκδέχομαι,G0553,8
127070,1Pierre,3,20,ἡ,ὁ,G3588,19785
127071,1Pierre,3,20,τοῦ,ὁ,G3588,19785
127072,1Pierre,3,20,θεοῦ,θεός,G2316,1311
127073,1Pierre,3,20,μακροθυμία,μακροθυμία,G3115,14
127074,1Pierre,3,20,ἐν,ἐν,G1722,2728
127075,1Pierre,3,20,ἡμέραις,ἡμέρα,G2250,388
127076,1Pierre,3,20,Νῶε,Νῶε,G3575,8
127077,1Pierre,3,20,κατασκευαζομένης,κατασκευάζω,G2680,11
127078,1Pierre,3,20,κιβωτοῦ,κιβωτός,G2787,6
127079,1Pierre,3,20,εἰς,εἰς,G1519,1757
127080,1Pierre,3,20,ἣν,ὅς,G3739,1408
127081,1Pierre,3,20,ὀλίγοι,ὀλίγος,G3641,40
127082,1Pierre,3,20,τοῦτ᾽,οὗτος,G3778,1380
127083,1Pierre,3,20,ἔστιν,εἰμί,G1510,2458
127084,1Pierre,3,20,ὀκτὼ,ὀκτώ,G3638,8
127085,1Pierre,3,20,ψυχαί,ψυχή,G5590,102
127086,1Pierre,3,20,διεσώθησαν,διασῴζω,G1295,8
127087,1Pierre,3,20,δι᾽,διά,G1223,666
127088,1Pierre,3,20,ὕδατος,ὕδωρ,G5204,76
127089,1Pierre,3,21,ὃ,ὅς,G3739,1408
127090,1Pierre,3,21,καὶ,καί,G2532,9108
127091,1Pierre,3,21,ὑμᾶς,σύ,G4771,2896
127092,1Pierre,3,21,ἀντίτυπον,ἀντίτυπος,G0499,2
127093,1Pierre,3,21,νῦν,νῦν,G3568,144
127094,1Pierre,3,21,σῴζει,σῴζω,G4982,106
127095,1Pierre,3,21,βάπτισμα,βάπτισμα,G0908,19
127096,1Pierre,3,21,οὐ,οὐ,G3756,1667
127097,1Pierre,3,21,σαρκὸς,σάρξ,G4561,147
127098,1Pierre,3,21,ἀπόθεσις,ἀπόθεσις,G0595,2
127099,1Pierre,3,21,ῥύπου,ῥύπος,G4509,1
127100,1Pierre,3,21,ἀλλὰ,ἀλλά,G0235,638
127101,1Pierre,3,21,συνειδήσεως,συνείδησις,G4893,30
127102,1Pierre,3,21,ἀγαθῆς,ἀγαθός,G0018,102
127103,1Pierre,3,21,ἐπερώτημα,ἐπερώτημα,G1906,1
127104,1Pierre,3,21,εἰς,εἰς,G1519,1757
127105,1Pierre,3,21,θεόν,θεός,G2316,1311
127106,1Pierre,3,21,δι᾽,διά,G1223,666
127107,1Pierre,3,21,ἀναστάσεως,ἀνάστασις,G0386,42
127108,1Pierre,3,21,Ἰησοῦ,Ἰησοῦς,G2424,910
127109,1Pierre,3,21,Χριστοῦ,Χριστός,G5547,529
127110,1Pierre,3,22,ὅς,ὅς,G3739,1408
127111,1Pierre,3,22,ἐστιν,εἰμί,G1510,2458
127112,1Pierre,3,22,ἐν,ἐν,G1722,2728
127113,1Pierre,3,22,δεξιᾷ,δεξιός,G1188,54
127114,1Pierre,3,22,τοῦ,ὁ,G3588,19785
127115,1Pierre,3,22,θεοῦ,θεός,G2316,1311
127116,1Pierre,3,22,πορευθεὶς,πορεύω,G4198,150
127117,1Pierre,3,22,εἰς,εἰς,G1519,1757
127118,1Pierre,3,22,οὐρανόν,οὐρανός,G3772,273
127119,1Pierre,3,22,ὑποταγέντων,ὑποτάσσω,G5293,38
127120,1Pierre,3,22,αὐτῷ,αὐτός,G0846,5558
127121,1Pierre,3,22,ἀγγέλων,ἄγγελος,G0032,175
127122,1Pierre,3,22,καὶ,καί,G2532,9108
127123,1Pierre,3,22,ἐξουσιῶν,ἐξουσία,G1849,102
127124,1Pierre,3,22,καὶ,καί,G2532,9108
127125,1Pierre,3,22,δυνάμεων,δύναμις,G1411,119
127126,1Pierre,4,1,Χριστοῦ,Χριστός,G5547,529
127127,1Pierre,4,1,οὖν,οὖν,G3767,494
127128,1Pierre,4,1,παθόντος,πάσχω,G3958,41
127131,1Pierre,4,1,σαρκὶ,σάρξ,G4561,147
127132,1Pierre,4,1,καὶ,καί,G2532,9108
127133,1Pierre,4,1,ὑμεῖς,σύ,G4771,2896
127134,1Pierre,4,1,τὴν,ὁ,G3588,19785
127135,1Pierre,4,1,αὐτὴν,αὐτός,G0846,5558
127136,1Pierre,4,1,ἔννοιαν,ἔννοια,G1771,2
127137,1Pierre,4,1,ὁπλίσασθε,ὁπλίζω,G3695,1
127138,1Pierre,4,1,ὅτι,ὅτι,G3754,1291
127139,1Pierre,4,1,ὁ,ὁ,G3588,19785
127140,1Pierre,4,1,παθὼν,πάσχω,G3958,41
127142,1Pierre,4,1,σαρκὶ,σάρξ,G4561,147
127143,1Pierre,4,1,πέπαυται,παύω,G3973,15
127144,1Pierre,4,1,ἁμαρτίας,ἁμαρτία,G0266,173
127145,1Pierre,4,2,εἰς,εἰς,G1519,1757
127146,1Pierre,4,2,τὸ,ὁ,G3588,19785
127147,1Pierre,4,2,μηκέτι,μηκέτι,G3371,21
127148,1Pierre,4,2,ἀνθρώπων,ἄνθρωπος,G0444,549
127149,1Pierre,4,2,ἐπιθυμίαις,ἐπιθυμία,G1939,38
127150,1Pierre,4,2,ἀλλὰ,ἀλλά,G0235,638
127151,1Pierre,4,2,θελήματι,θέλημα,G2307,62
127152,1Pierre,4,2,θεοῦ,θεός,G2316,1311
127153,1Pierre,4,2,τὸν,ὁ,G3588,19785
127154,1Pierre,4,2,ἐπίλοιπον,ἐπίλοιπος,G1954,1
127155,1Pierre,4,2,ἐν,ἐν,G1722,2728
127156,1Pierre,4,2,σαρκὶ,σάρξ,G4561,147
127157,1Pierre,4,2,βιῶσαι,βιόω,G0980,1
127158,1Pierre,4,2,χρόνον,χρόνος,G5550,53
127159,1Pierre,4,3,ἀρκετὸς,ἀρκετός,G0713,3
127160,1Pierre,4,3,γὰρ,γάρ,G1063,1039
127162,1Pierre,4,3,ὁ,ὁ,G3588,19785
127163,1Pierre,4,3,παρεληλυθὼς,παρέρχομαι,G3928,29
127164,1Pierre,4,3,χρόνος,χρόνος,G5550,53
127167,1Pierre,4,3,τὸ,ὁ,G3588,19785
127168,1Pierre,4,3,βούλημα,βούλημα,G1013,3
127169,1Pierre,4,3,τῶν,ὁ,G3588,19785
127170,1Pierre,4,3,ἐθνῶν,ἔθνος,G1484,163
127171,1Pierre,4,3,κατειργάσθαι,κατεργάζομαι,G2716,22
127172,1Pierre,4,3,πεπορευμένους,πορεύω,G4198,150
127173,1Pierre,4,3,ἐν,ἐν,G1722,2728
127174,1Pierre,4,3,ἀσελγείαις,ἀσέλγεια,G0766,10
127175,1Pierre,4,3,ἐπιθυμίαις,ἐπιθυμία,G1939,38
127176,1Pierre,4,3,οἰνοφλυγίαις,οἰνοφλυγία,G3632,1
127177,1Pierre,4,3,κώμοις,κῶμος,G2970,3
127178,1Pierre,4,3,πότοις,πότος,G4224,1
127179,1Pierre,4,3,καὶ,καί,G2532,9108
127180,1Pierre,4,3,ἀθεμίτοις,ἀθέμιτος,G0111,2
127181,1Pierre,4,3,εἰδωλολατρίαις,εἰδωλολατρεία,G1495,4
127182,1Pierre,4,4,ἐν,ἐν,G1722,2728
127183,1Pierre,4,4,ᾧ,ὅς,G3739,1408
127184,1Pierre,4,4,ξενίζονται,ξενίζω,G3579,10
127185,1Pierre,4,4,μὴ,μή,G3361,1065
127186,1Pierre,4,4,συντρεχόντων,συντρέχω,G4936,3
127187,1Pierre,4,4,ὑμῶν,σύ,G4771,2896
127188,1Pierre,4,4,εἰς,εἰς,G1519,1757
127189,1Pierre,4,4,τὴν,ὁ,G3588,19785
127190,1Pierre,4,4,αὐτὴν,αὐτός,G0846,5558
127191,1Pierre,4,4,τῆς,ὁ,G3588,19785
127192,1Pierre,4,4,ἀσωτίας,ἀσωτία,G0810,3
127193,1Pierre,4,4,ἀνάχυσιν,ἀνάχυσις,G0401,1
127194,1Pierre,4,4,βλασφημοῦντες,βλασφημέω,G0987,34
127195,1Pierre,4,5,οἳ,ὅς,G3739,1408
127196,1Pierre,4,5,ἀποδώσουσιν,ἀποδίδωμι,G0591,47
127197,1Pierre,4,5,λόγον,λόγος,G3056,330
127198,1Pierre,4,5,τῷ,ὁ,G3588,19785
127199,1Pierre,4,5,ἑτοίμως,ἑτοίμως,G2093,3
127200,1Pierre,4,5,ἔχοντι,ἔχω,G2192,706
127201,1Pierre,4,5,κρῖναι,κρίνω,G2919,113
127202,1Pierre,4,5,ζῶντας,ζάω,G2198,139
127203,1Pierre,4,5,καὶ,καί,G2532,9108
127204,1Pierre,4,5,νεκρούς,νεκρός,G3498,128
127205,1Pierre,4,6,εἰς,εἰς,G1519,1757
127206,1Pierre,4,6,τοῦτο,οὗτος,G3778,1380
127207,1Pierre,4,6,γὰρ,γάρ,G1063,1039
127208,1Pierre,4,6,καὶ,καί,G2532,9108
127209,1Pierre,4,6,νεκροῖς,νεκρός,G3498,128
127210,1Pierre,4,6,εὐηγγελίσθη,εὐαγγελίζομαι,G2097,53
127211,1Pierre,4,6,ἵνα,ἵνα,G2443,668
127212,1Pierre,4,6,κριθῶσιν,κρίνω,G2919,113
127213,1Pierre,4,6,μὲν,μέν,G3303,178
127214,1Pierre,4,6,κατὰ,κατά,G2596,472
127215,1Pierre,4,6,ἀνθρώπους,ἄνθρωπος,G0444,549
127216,1Pierre,4,6,σαρκί,σάρξ,G4561,147
127217,1Pierre,4,6,ζῶσιν,ζάω,G2198,139
127218,1Pierre,4,6,δὲ,δέ,G1161,2771
127219,1Pierre,4,6,κατὰ,κατά,G2596,472
127220,1Pierre,4,6,θεὸν,θεός,G2316,1311
127221,1Pierre,4,6,πνεύματι,πνεῦμα,G4151,378
127222,1Pierre,4,7,Πάντων,πᾶς,G3956,1236
127223,1Pierre,4,7,δὲ,δέ,G1161,2771
127224,1Pierre,4,7,τὸ,ὁ,G3588,19785
127225,1Pierre,4,7,τέλος,τέλος,G5056,40
127226,1Pierre,4,7,ἤγγικεν,ἐγγίζω,G1448,42
127227,1Pierre,4,7,σωφρονήσατε,σωφρονέω,G4993,6
127228,1Pierre,4,7,οὖν,οὖν,G3767,494
127229,1Pierre,4,7,καὶ,καί,G2532,9108
127230,1Pierre,4,7,νήψατε,νήφω,G3525,6
127231,1Pierre,4,7,εἰς,εἰς,G1519,1757
127233,1Pierre,4,7,προσευχάς,προσευχή,G4335,36
127234,1Pierre,4,8,πρὸ,πρό,G4253,47
127235,1Pierre,4,8,πάντων,πᾶς,G3956,1236
127237,1Pierre,4,8,τὴν,ὁ,G3588,19785
127238,1Pierre,4,8,εἰς,εἰς,G1519,1757
127239,1Pierre,4,8,ἑαυτοὺς,ἑαυτοῦ,G1438,317
127240,1Pierre,4,8,ἀγάπην,ἀγάπη,G0026,116
127241,1Pierre,4,8,ἐκτενῆ,ἐκτενής,G1618,1
127242,1Pierre,4,8,ἔχοντες,ἔχω,G2192,706
127243,1Pierre,4,8,ὅτι,ὅτι,G3754,1291
127244,1Pierre,4,8,ἀγάπη,ἀγάπη,G0026,116
127245,1Pierre,4,8,καλύπτει,καλύπτω,G2572,8
127246,1Pierre,4,8,πλῆθος,πλῆθος,G4128,31
127247,1Pierre,4,8,ἁμαρτιῶν,ἁμαρτία,G0266,173
127248,1Pierre,4,9,φιλόξενοι,φιλόξενος,G5382,3
127249,1Pierre,4,9,εἰς,εἰς,G1519,1757
127250,1Pierre,4,9,ἀλλήλους,ἀλλήλων,G0240,100
127251,1Pierre,4,9,ἄνευ,ἄνευ,G0427,3
127252,1Pierre,4,9,γογγυσμοῦ,γογγυσμός,G1112,4
127253,1Pierre,4,10,ἕκαστος,ἕκαστος,G1538,81
127254,1Pierre,4,10,καθὼς,καθώς,G2531,182
127255,1Pierre,4,10,ἔλαβεν,λαμβάνω,G2983,257
127256,1Pierre,4,10,χάρισμα,χάρισμα,G5486,17
127257,1Pierre,4,10,εἰς,εἰς,G1519,1757
127258,1Pierre,4,10,ἑαυτοὺς,ἑαυτοῦ,G1438,317
127259,1Pierre,4,10,αὐτὸ,αὐτός,G0846,5558
127260,1Pierre,4,10,διακονοῦντες,διακονέω,G1247,37
127261,1Pierre,4,10,ὡς,ὡς,G5613,501
127262,1Pierre,4,10,καλοὶ,καλός,G2570,101
127263,1Pierre,4,10,οἰκονόμοι,οἰκονόμος,G3623,10
127264,1Pierre,4,10,ποικίλης,ποικίλος,G4164,10
127265,1Pierre,4,10,χάριτος,χάρις,G5485,154
127266,1Pierre,4,10,θεοῦ,θεός,G2316,1311
127267,1Pierre,4,11,εἴ,εἰ,G1487,506
127268,1Pierre,4,11,τις,τις,G5100,525
127269,1Pierre,4,11,λαλεῖ,λαλέω,G2980,296
127270,1Pierre,4,11,ὡς,ὡς,G5613,501
127271,1Pierre,4,11,λόγια,λόγιον,G3051,4
127272,1Pierre,4,11,θεοῦ,θεός,G2316,1311
127273,1Pierre,4,11,εἴ,εἰ,G1487,506
127274,1Pierre,4,11,τις,τις,G5100,525
127275,1Pierre,4,11,διακονεῖ,διακονέω,G1247,37
127276,1Pierre,4,11,ὡς,ὡς,G5613,501
127277,1Pierre,4,11,ἐξ,ἐκ,G1537,912
127278,1Pierre,4,11,ἰσχύος,ἰσχύς,G2479,10
127279,1Pierre,4,11,ἧς,ὅς,G3739,1408
127280,1Pierre,4,11,χορηγεῖ,χορηγέω,G5524,2
127281,1Pierre,4,11,ὁ,ὁ,G3588,19785
127282,1Pierre,4,11,θεός,θεός,G2316,1311
127283,1Pierre,4,11,ἵνα,ἵνα,G2443,668
127284,1Pierre,4,11,ἐν,ἐν,G1722,2728
127285,1Pierre,4,11,πᾶσιν,πᾶς,G3956,1236
127286,1Pierre,4,11,δοξάζηται,δοξάζω,G1392,60
127287,1Pierre,4,11,ὁ,ὁ,G3588,19785
127288,1Pierre,4,11,θεὸς,θεός,G2316,1311
127289,1Pierre,4,11,διὰ,διά,G1223,666
127290,1Pierre,4,11,Ἰησοῦ,Ἰησοῦς,G2424,910
127291,1Pierre,4,11,Χριστοῦ,Χριστός,G5547,529
127292,1Pierre,4,11,ᾧ,ὅς,G3739,1408
127293,1Pierre,4,11,ἐστιν,εἰμί,G1510,2458
127294,1Pierre,4,11,ἡ,ὁ,G3588,19785
127295,1Pierre,4,11,δόξα,δόξα,G1391,166
127296,1Pierre,4,11,καὶ,καί,G2532,9108
127297,1Pierre,4,11,τὸ,ὁ,G3588,19785
127298,1Pierre,4,11,κράτος,κράτος,G2904,12
127299,1Pierre,4,11,εἰς,εἰς,G1519,1757
127300,1Pierre,4,11,τοὺς,ὁ,G3588,19785
127301,1Pierre,4,11,αἰῶνας,αἰών,G0165,123
127302,1Pierre,4,11,τῶν,ὁ,G3588,19785
127303,1Pierre,4,11,αἰώνων,αἰών,G0165,123
127304,1Pierre,4,11,ἀμήν,ἀμήν,G0281,134
127305,1Pierre,4,12,Ἀγαπητοί,ἀγαπητός,G0027,61
127306,1Pierre,4,12,μὴ,μή,G3361,1065
127307,1Pierre,4,12,ξενίζεσθε,ξενίζω,G3579,10
127308,1Pierre,4,12,τῆ,ὁ,G3588,19785
127309,1Pierre,4,12,ἐν,ἐν,G1722,2728
127310,1Pierre,4,12,ὑμῖν,σύ,G4771,2896
127311,1Pierre,4,12,πυρώσει,πύρωσις,G4451,3
127312,1Pierre,4,12,πρὸς,πρός,G4314,699
127313,1Pierre,4,12,πειρασμὸν,πειρασμός,G3986,21
127314,1Pierre,4,12,ὑμῖν,σύ,G4771,2896
127315,1Pierre,4,12,γινομένῃ,γίνομαι,G1096,662
127316,1Pierre,4,12,ὡς,ὡς,G5613,501
127317,1Pierre,4,12,ξένου,ξένος,G3581,14
127318,1Pierre,4,12,ὑμῖν,σύ,G4771,2896
127319,1Pierre,4,12,συμβαίνοντος,συμβαίνω,G4819,8
127320,1Pierre,4,13,ἀλλὰ,ἀλλά,G0235,638
127321,1Pierre,4,13,καθὸ,καθό,G2526,4
127322,1Pierre,4,13,κοινωνεῖτε,κοινωνέω,G2841,8
127323,1Pierre,4,13,τοῖς,ὁ,G3588,19785
127324,1Pierre,4,13,τοῦ,ὁ,G3588,19785
127325,1Pierre,4,13,Χριστοῦ,Χριστός,G5547,529
127326,1Pierre,4,13,παθήμασιν,πάθημα,G3804,16
127327,1Pierre,4,13,χαίρετε,χαίρω,G5463,74
127328,1Pierre,4,13,ἵνα,ἵνα,G2443,668
127329,1Pierre,4,13,καὶ,καί,G2532,9108
127330,1Pierre,4,13,ἐν,ἐν,G1722,2728
127331,1Pierre,4,13,τῆ,ὁ,G3588,19785
127332,1Pierre,4,13,ἀποκαλύψει,ἀποκάλυψις,G0602,18
127333,1Pierre,4,13,τῆς,ὁ,G3588,19785
127334,1Pierre,4,13,δόξης,δόξα,G1391,166
127335,1Pierre,4,13,αὐτοῦ,αὐτός,G0846,5558
127336,1Pierre,4,13,χαρῆτε,χαίρω,G5463,74
127337,1Pierre,4,13,ἀγαλλιώμενοι,ἀγαλλιάω,G0021,11
127338,1Pierre,4,14,εἰ,εἰ,G1487,506
127339,1Pierre,4,14,ὀνειδίζεσθε,ὀνειδίζω,G3679,9
127340,1Pierre,4,14,ἐν,ἐν,G1722,2728
127341,1Pierre,4,14,ὀνόματι,ὄνομα,G3686,229
127342,1Pierre,4,14,Χριστοῦ,Χριστός,G5547,529
127343,1Pierre,4,14,μακάριοι,μακάριος,G3107,50
127344,1Pierre,4,14,ὅτι,ὅτι,G3754,1291
127345,1Pierre,4,14,τὸ,ὁ,G3588,19785
127346,1Pierre,4,14,τῆς,ὁ,G3588,19785
127347,1Pierre,4,14,δόξης,δόξα,G1391,166
127348,1Pierre,4,14,καὶ,καί,G2532,9108
127349,1Pierre,4,14,τὸ,ὁ,G3588,19785
127350,1Pierre,4,14,τοῦ,ὁ,G3588,19785
127351,1Pierre,4,14,θεοῦ,θεός,G2316,1311
127352,1Pierre,4,14,πνεῦμα,πνεῦμα,G4151,378
127353,1Pierre,4,14,ἐφ᾽,ἐπί,G1909,884
127354,1Pierre,4,14,ὑμᾶς,σύ,G4771,2896
127355,1Pierre,4,14,ἀναπαύεται,ἀναπαύω,G0373,12
127364,1Pierre,4,15,Μὴ,μή,G3361,1065
127365,1Pierre,4,15,γάρ,γάρ,G1063,1039
127366,1Pierre,4,15,τις,τις,G5100,525
127367,1Pierre,4,15,ὑμῶν,σύ,G4771,2896
127368,1Pierre,4,15,πασχέτω,πάσχω,G3958,41
127369,1Pierre,4,15,ὡς,ὡς,G5613,501
127370,1Pierre,4,15,φονεὺς,φονεύς,G5406,7
127371,1Pierre,4,15,ἢ,ἤ,G2228,346
127372,1Pierre,4,15,κλέπτης,κλέπτης,G2812,16
127373,1Pierre,4,15,ἢ,ἤ,G2228,346
127374,1Pierre,4,15,κακοποιὸς,κακοποιός,G2555,3
127375,1Pierre,4,15,ἢ,ἤ,G2228,346
127376,1Pierre,4,15,ὡς,ὡς,G5613,501
127377,1Pierre,4,15,ἀλλοτριεπίσκοπος,ἀλλοτριεπίσκοπος,G0244,1
127378,1Pierre,4,16,εἰ,εἰ,G1487,506
127379,1Pierre,4,16,δὲ,δέ,G1161,2771
127380,1Pierre,4,16,ὡς,ὡς,G5613,501
127381,1Pierre,4,16,Χριστιανός,Χριστιανός,G5546,3
127382,1Pierre,4,16,μὴ,μή,G3361,1065
127383,1Pierre,4,16,αἰσχυνέσθω,αἰσχύνω,G0153,5
127384,1Pierre,4,16,δοξαζέτω,δοξάζω,G1392,60
127385,1Pierre,4,16,δὲ,δέ,G1161,2771
127386,1Pierre,4,16,τὸν,ὁ,G3588,19785
127387,1Pierre,4,16,θεὸν,θεός,G2316,1311
127388,1Pierre,4,16,ἐν,ἐν,G1722,2728
127389,1Pierre,4,16,τῷ,ὁ,G3588,19785
127390,1Pierre,4,16,ὀνόματι,ὄνομα,G3686,229
127391,1Pierre,4,16,τούτῳ,οὗτος,G3778,1380
127392,1Pierre,4,17,ὅτι,ὅτι,G3754,1291
127393,1Pierre,4,17,ὁ,ὁ,G3588,19785
127394,1Pierre,4,17,καιρὸς,καιρός,G2540,85
127395,1Pierre,4,17,τοῦ,ὁ,G3588,19785
127396,1Pierre,4,17,ἄρξασθαι,ἄρχω,G0757,85
127397,1Pierre,4,17,τὸ,ὁ,G3588,19785
127398,1Pierre,4,17,κρίμα,κρίμα,G2917,27
127399,1Pierre,4,17,ἀπὸ,ἀπό,G0575,640
127400,1Pierre,4,17,τοῦ,ὁ,G3588,19785
127401,1Pierre,4,17,οἴκου,οἶκος,G3624,112
127402,1Pierre,4,17,τοῦ,ὁ,G3588,19785
127403,1Pierre,4,17,θεοῦ,θεός,G2316,1311
127404,1Pierre,4,17,εἰ,εἰ,G1487,506
127405,1Pierre,4,17,δὲ,δέ,G1161,2771
127406,1Pierre,4,17,πρῶτον,πρῶτος,G4413,154
127407,1Pierre,4,17,ἀφ᾽,ἀπό,G0575,640
127408,1Pierre,4,17,ἡμῶν,ἐγώ,G1473,2462
127409,1Pierre,4,17,τί,τίς,G5101,558
127410,1Pierre,4,17,τὸ,ὁ,G3588,19785
127411,1Pierre,4,17,τέλος,τέλος,G5056,40
127412,1Pierre,4,17,τῶν,ὁ,G3588,19785
127413,1Pierre,4,17,ἀπειθούντων,ἀπειθέω,G0544,14
127414,1Pierre,4,17,τῷ,ὁ,G3588,19785
127415,1Pierre,4,17,τοῦ,ὁ,G3588,19785
127416,1Pierre,4,17,θεοῦ,θεός,G2316,1311
127417,1Pierre,4,17,εὐαγγελίῳ,εὐαγγέλιον,G2098,76
127418,1Pierre,4,18,καὶ,καί,G2532,9108
127419,1Pierre,4,18,εἰ,εἰ,G1487,506
127420,1Pierre,4,18,ὁ,ὁ,G3588,19785
127421,1Pierre,4,18,δίκαιος,δίκαιος,G1342,80
127422,1Pierre,4,18,μόλις,μόλις,G3433,6
127423,1Pierre,4,18,σῴζεται,σῴζω,G4982,106
127424,1Pierre,4,18,ὁ,ὁ,G3588,19785
127426,1Pierre,4,18,ἀσεβὴς,ἀσεβής,G0765,8
127427,1Pierre,4,18,καὶ,καί,G2532,9108
127428,1Pierre,4,18,ἁμαρτωλὸς,ἁμαρτωλός,G0268,47
127429,1Pierre,4,18,ποῦ,ποῦ,G4226,47
127430,1Pierre,4,18,φανεῖται,φαίνω,G5316,31
127431,1Pierre,4,19,ὥστε,ὥστε,G5620,83
127432,1Pierre,4,19,καὶ,καί,G2532,9108
127433,1Pierre,4,19,οἱ,ὁ,G3588,19785
127434,1Pierre,4,19,πάσχοντες,πάσχω,G3958,41
127435,1Pierre,4,19,κατὰ,κατά,G2596,472
127436,1Pierre,4,19,τὸ,ὁ,G3588,19785
127437,1Pierre,4,19,θέλημα,θέλημα,G2307,62
127438,1Pierre,4,19,τοῦ,ὁ,G3588,19785
127439,1Pierre,4,19,θεοῦ,θεός,G2316,1311
127441,1Pierre,4,19,πιστῷ,πιστός,G4103,66
127442,1Pierre,4,19,κτίστῃ,κτίστης,G2939,1
127443,1Pierre,4,19,παρατιθέσθωσαν,παρατίθημι,G3908,18
127444,1Pierre,4,19,τὰς,ὁ,G3588,19785
127445,1Pierre,4,19,ψυχὰς,ψυχή,G5590,102
127446,1Pierre,4,19,αὐτῶν,αὐτός,G0846,5558
127447,1Pierre,4,19,ἐν,ἐν,G1722,2728
127448,1Pierre,4,19,ἀγαθοποιΐᾳ,ἀγαθοποιΐα,G0016,1
127449,1Pierre,5,1,Πρεσβυτέρους,πρεσβύτερος,G4245,65
127450,1Pierre,5,1,οὖν,οὖν,G3767,494
127451,1Pierre,5,1,τοὺς,ὁ,G3588,19785
127452,1Pierre,5,1,ἐν,ἐν,G1722,2728
127453,1Pierre,5,1,ὑμῖν,σύ,G4771,2896
127454,1Pierre,5,1,παρακαλῶ,παρακαλέω,G3870,108
127455,1Pierre,5,1,ὁ,ὁ,G3588,19785
127456,1Pierre,5,1,συμπρεσβύτερος,συμπρεσβύτερος,G4850,1
127457,1Pierre,5,1,καὶ,καί,G2532,9108
127458,1Pierre,5,1,μάρτυς,μάρτυς,G3144,35
127459,1Pierre,5,1,τῶν,ὁ,G3588,19785
127460,1Pierre,5,1,τοῦ,ὁ,G3588,19785
127461,1Pierre,5,1,Χριστοῦ,Χριστός,G5547,529
127462,1Pierre,5,1,παθημάτων,πάθημα,G3804,16
127463,1Pierre,5,1,ὁ,ὁ,G3588,19785
127464,1Pierre,5,1,καὶ,καί,G2532,9108
127465,1Pierre,5,1,τῆς,ὁ,G3588,19785
127466,1Pierre,5,1,μελλούσης,μέλλω,G3195,108
127467,1Pierre,5,1,ἀποκαλύπτεσθαι,ἀποκαλύπτω,G0601,26
127468,1Pierre,5,1,δόξης,δόξα,G1391,166
127469,1Pierre,5,1,κοινωνός,κοινωνός,G2844,10
127470,1Pierre,5,2,ποιμάνατε,ποιμαίνω,G4165,11
127471,1Pierre,5,2,τὸ,ὁ,G3588,19785
127472,1Pierre,5,2,ἐν,ἐν,G1722,2728
127473,1Pierre,5,2,ὑμῖν,σύ,G4771,2896
127474,1Pierre,5,2,ποίμνιον,ποίμνιον,G4168,5
127475,1Pierre,5,2,τοῦ,ὁ,G3588,19785
127476,1Pierre,5,2,θεοῦ,θεός,G2316,1311
127477,1Pierre,5,2,ἐπισκοποῦντες,ἐπισκοπέω,G1983,2
127478,1Pierre,5,2,μὴ,μή,G3361,1065
127479,1Pierre,5,2,ἀναγκαστῶς,ἀναγκαστῶς,G0317,1
127480,1Pierre,5,2,ἀλλ᾽,ἀλλά,G0235,638
127481,1Pierre,5,2,ἑκουσίως,ἑκουσίως,G1596,2
127482,1Pierre,5,2,κατὰ,κατά,G2596,472
127483,1Pierre,5,2,θεόν,θεός,G2316,1311
127484,1Pierre,5,2,μηδὲ,μηδέ,G3366,57
127485,1Pierre,5,2,αἰσχροκερδῶς,αἰσχροκερδῶς,G0147,1
127486,1Pierre,5,2,ἀλλὰ,ἀλλά,G0235,638
127487,1Pierre,5,2,προθύμως,προθύμως,G4290,1
127488,1Pierre,5,3,μηδ᾽,μηδέ,G3366,57
127489,1Pierre,5,3,ὡς,ὡς,G5613,501
127490,1Pierre,5,3,κατακυριεύοντες,κατακυριεύω,G2634,4
127491,1Pierre,5,3,τῶν,ὁ,G3588,19785
127492,1Pierre,5,3,κλήρων,κλῆρος,G2819,10
127493,1Pierre,5,3,ἀλλὰ,ἀλλά,G0235,638
127494,1Pierre,5,3,τύποι,τύπος,G5179,16
127495,1Pierre,5,3,γινόμενοι,γίνομαι,G1096,662
127496,1Pierre,5,3,τοῦ,ὁ,G3588,19785
127497,1Pierre,5,3,ποιμνίου,ποίμνιον,G4168,5
127498,1Pierre,5,4,καὶ,καί,G2532,9108
127499,1Pierre,5,4,φανερωθέντος,φανερόω,G5319,49
127500,1Pierre,5,4,τοῦ,ὁ,G3588,19785
127501,1Pierre,5,4,ἀρχιποίμενος,ἀρχιποίμην,G0750,1
127502,1Pierre,5,4,κομιεῖσθε,κομίζω,G2865,10
127503,1Pierre,5,4,τὸν,ὁ,G3588,19785
127504,1Pierre,5,4,ἀμαράντινον,ἀμαράντινος,G0262,1
127505,1Pierre,5,4,τῆς,ὁ,G3588,19785
127506,1Pierre,5,4,δόξης,δόξα,G1391,166
127507,1Pierre,5,4,στέφανον,στέφανος,G4735,19
127508,1Pierre,5,5,Ὁμοίως,ὁμοίως,G3668,31
127509,1Pierre,5,5,νεώτεροι,νέος,G3501,24
127510,1Pierre,5,5,ὑποτάγητε,ὑποτάσσω,G5293,38
127511,1Pierre,5,5,πρεσβυτέροις,πρεσβύτερος,G4245,65
127512,1Pierre,5,5,πάντες,πᾶς,G3956,1236
127513,1Pierre,5,5,δὲ,δέ,G1161,2771
127514,1Pierre,5,5,ἀλλήλοις,ἀλλήλων,G0240,100
127516,1Pierre,5,5,τὴν,ὁ,G3588,19785
127517,1Pierre,5,5,ταπεινοφροσύνην,ταπεινοφροσύνη,G5012,7
127518,1Pierre,5,5,ἐγκομβώσασθε,ἐγκομβόομαι,G1463,1
127519,1Pierre,5,5,ὅτι,ὅτι,G3754,1291
127520,1Pierre,5,5,ὁ,ὁ,G3588,19785
127521,1Pierre,5,5,θεὸς,θεός,G2316,1311
127522,1Pierre,5,5,ὑπερηφάνοις,ὑπερήφανος,G5244,5
127523,1Pierre,5,5,ἀντιτάσσεται,ἀντιτάσσω,G0498,5
127524,1Pierre,5,5,ταπεινοῖς,ταπεινός,G5011,8
127525,1Pierre,5,5,δὲ,δέ,G1161,2771
127526,1Pierre,5,5,δίδωσιν,δίδωμι,G1325,409
127527,1Pierre,5,5,χάριν,χάρις,G5485,154
127528,1Pierre,5,6,ταπεινώθητε,ταπεινόω,G5013,13
127529,1Pierre,5,6,οὖν,οὖν,G3767,494
127530,1Pierre,5,6,ὑπὸ,ὑπό,G5259,219
127531,1Pierre,5,6,τὴν,ὁ,G3588,19785
127532,1Pierre,5,6,κραταιὰν,κραταιός,G2900,1
127533,1Pierre,5,6,χεῖρα,χείρ,G5495,177
127534,1Pierre,5,6,τοῦ,ὁ,G3588,19785
127535,1Pierre,5,6,θεοῦ,θεός,G2316,1311
127536,1Pierre,5,6,ἵνα,ἵνα,G2443,668
127537,1Pierre,5,6,ὑμᾶς,σύ,G4771,2896
127538,1Pierre,5,6,ὑψώσῃ,ὑψόω,G5312,20
127539,1Pierre,5,6,ἐν,ἐν,G1722,2728
127540,1Pierre,5,6,καιρῷ,καιρός,G2540,85
127541,1Pierre,5,7,πᾶσαν,πᾶς,G3956,1236
127542,1Pierre,5,7,τὴν,ὁ,G3588,19785
127543,1Pierre,5,7,μέριμναν,μέριμνα,G3308,6
127544,1Pierre,5,7,ὑμῶν,σύ,G4771,2896
127545,1Pierre,5,7,ἐπιρίψαντες,ἐπιρρίπτω,G1977,2
127546,1Pierre,5,7,ἐπ᾽,ἐπί,G1909,884
127547,1Pierre,5,7,αὐτόν,αὐτός,G0846,5558
127548,1Pierre,5,7,ὅτι,ὅτι,G3754,1291
127549,1Pierre,5,7,αὐτῷ,αὐτός,G0846,5558
127550,1Pierre,5,7,μέλει,μέλω,G3199,10
127551,1Pierre,5,7,περὶ,περί,G4012,331
127552,1Pierre,5,7,ὑμῶν,σύ,G4771,2896
127553,1Pierre,5,8,νήψατε,νήφω,G3525,6
127554,1Pierre,5,8,γρηγορήσατε,γρηγορέω,G1127,23
127556,1Pierre,5,8,ὁ,ὁ,G3588,19785
127557,1Pierre,5,8,ἀντίδικος,ἀντίδικος,G0476,5
127558,1Pierre,5,8,ὑμῶν,σύ,G4771,2896
127559,1Pierre,5,8,διάβολος,διάβολος,G1228,37
127560,1Pierre,5,8,ὡς,ὡς,G5613,501
127561,1Pierre,5,8,λέων,λέων,G3023,9
127562,1Pierre,5,8,ὠρυόμενος,ὠρύομαι,G5612,1
127563,1Pierre,5,8,περιπατεῖ,περιπατέω,G4043,95
127564,1Pierre,5,8,ζητῶν,ζητέω,G2212,116
127566,1Pierre,5,8,καταπιεῖν,καταπίνω,G2666,7
127567,1Pierre,5,9,ᾧ,ὅς,G3739,1408
127568,1Pierre,5,9,ἀντίστητε,ἀνθίστημι,G0436,14
127569,1Pierre,5,9,στερεοὶ,στερεός,G4731,4
127570,1Pierre,5,9,τῆ,ὁ,G3588,19785
127571,1Pierre,5,9,πίστει,πίστις,G4102,242
127572,1Pierre,5,9,εἰδότες,εἴδω,G6063,280
127573,1Pierre,5,9,τὰ,ὁ,G3588,19785
127574,1Pierre,5,9,αὐτὰ,αὐτός,G0846,5558
127575,1Pierre,5,9,τῶν,ὁ,G3588,19785
127576,1Pierre,5,9,παθημάτων,πάθημα,G3804,16
127577,1Pierre,5,9,τῆ,ὁ,G3588,19785
127578,1Pierre,5,9,ἐν,ἐν,G1722,2728
127580,1Pierre,5,9,κόσμῳ,κόσμος,G2889,185
127581,1Pierre,5,9,ὑμῶν,σύ,G4771,2896
127582,1Pierre,5,9,ἀδελφότητι,ἀδελφότης,G0081,2
127583,1Pierre,5,9,ἐπιτελεῖσθαι,ἐπιτελέω,G2005,10
127584,1Pierre,5,10,Ὁ,ὁ,G3588,19785
127585,1Pierre,5,10,δὲ,δέ,G1161,2771
127586,1Pierre,5,10,θεὸς,θεός,G2316,1311
127587,1Pierre,5,10,πάσης,πᾶς,G3956,1236
127588,1Pierre,5,10,χάριτος,χάρις,G5485,154
127589,1Pierre,5,10,ὁ,ὁ,G3588,19785
127590,1Pierre,5,10,καλέσας,καλέω,G2564,148
127591,1Pierre,5,10,ὑμᾶς,σύ,G4771,2896
127592,1Pierre,5,10,εἰς,εἰς,G1519,1757
127593,1Pierre,5,10,τὴν,ὁ,G3588,19785
127594,1Pierre,5,10,αἰώνιον,αἰώνιος,G0166,70
127595,1Pierre,5,10,αὐτοῦ,αὐτός,G0846,5558
127596,1Pierre,5,10,δόξαν,δόξα,G1391,166
127597,1Pierre,5,10,ἐν,ἐν,G1722,2728
127598,1Pierre,5,10,Χριστῷ,Χριστός,G5547,529
127600,1Pierre,5,10,ὀλίγον,ὀλίγος,G3641,40
127601,1Pierre,5,10,παθόντας,πάσχω,G3958,41
127602,1Pierre,5,10,αὐτὸς,αὐτός,G0846,5558
127603,1Pierre,5,10,καταρτίσει,καταρτίζω,G2675,13
127605,1Pierre,5,10,στηρίξει,στηρίζω,G4741,13
127606,1Pierre,5,10,σθενώσει,σθενόω,G4599,1
127607,1Pierre,5,10,θεμελιώσει,θεμελιόω,G2311,5
127608,1Pierre,5,11,αὐτῷ,αὐτός,G0846,5558
127612,1Pierre,5,11,τὸ,ὁ,G3588,19785
127613,1Pierre,5,11,κράτος,κράτος,G2904,12
127614,1Pierre,5,11,εἰς,εἰς,G1519,1757
127615,1Pierre,5,11,τοὺς,ὁ,G3588,19785
127616,1Pierre,5,11,αἰῶνας,αἰών,G0165,123
127617,1Pierre,5,11,τῶν,ὁ,G3588,19785
127618,1Pierre,5,11,αἰώνων,αἰών,G0165,123
127619,1Pierre,5,11,ἀμήν,ἀμήν,G0281,134
127620,1Pierre,5,12,Διὰ,διά,G1223,666
127621,1Pierre,5,12,Σιλουανοῦ,Σιλουανός,G4610,4
127622,1Pierre,5,12,ὑμῖν,σύ,G4771,2896
127623,1Pierre,5,12,τοῦ,ὁ,G3588,19785
127624,1Pierre,5,12,πιστοῦ,πιστός,G4103,66
127625,1Pierre,5,12,ἀδελφοῦ,ἀδελφός,G0080,343
127626,1Pierre,5,12,ὡς,ὡς,G5613,501
127627,1Pierre,5,12,λογίζομαι,λογίζομαι,G3049,40
127628,1Pierre,5,12,δι᾽,διά,G1223,666
127629,1Pierre,5,12,ὀλίγων,ὀλίγος,G3641,40
127630,1Pierre,5,12,ἔγραψα,γράφω,G1125,190
127631,1Pierre,5,12,παρακαλῶν,παρακαλέω,G3870,108
127632,1Pierre,5,12,καὶ,καί,G2532,9108
127633,1Pierre,5,12,ἐπιμαρτυρῶν,ἐπιμαρτυρέω,G1957,1
127634,1Pierre,5,12,ταύτην,οὗτος,G3778,1380
127635,1Pierre,5,12,εἶναι,εἰμί,G1510,2458
127636,1Pierre,5,12,ἀληθῆ,ἀληθής,G0227,26
127637,1Pierre,5,12,χάριν,χάρις,G5485,154
127638,1Pierre,5,12,τοῦ,ὁ,G3588,19785
127639,1Pierre,5,12,θεοῦ,θεός,G2316,1311
127640,1Pierre,5,12,εἰς,εἰς,G1519,1757
127641,1Pierre,5,12,ἣν,ὅς,G3739,1408
127642,1Pierre,5,12,στῆτε,ἵστημι,G2476,152
127643,1Pierre,5,13,Ἀσπάζεται,ἀσπάζομαι,G0782,59
127644,1Pierre,5,13,ὑμᾶς,σύ,G4771,2896
127645,1Pierre,5,13,ἡ,ὁ,G3588,19785
127646,1Pierre,5,13,ἐν,ἐν,G1722,2728
127647,1Pierre,5,13,Βαβυλῶνι,Βαβυλών,G0897,12
127648,1Pierre,5,13,συνεκλεκτὴ,συνεκλεκτός,G4899,1
127649,1Pierre,5,13,καὶ,καί,G2532,9108
127650,1Pierre,5,13,Μᾶρκος,Μάρκος,G3138,8
127651,1Pierre,5,13,ὁ,ὁ,G3588,19785
127652,1Pierre,5,13,υἱός,υἱός,G5207,372
127653,1Pierre,5,13,μου,ἐγώ,G1473,2462
127654,1Pierre,5,14,ἀσπάσασθε,ἀσπάζομαι,G0782,59
127655,1Pierre,5,14,ἀλλήλους,ἀλλήλων,G0240,100
127656,1Pierre,5,14,ἐν,ἐν,G1722,2728
127657,1Pierre,5,14,φιλήματι,φίλημα,G5370,7
127658,1Pierre,5,14,ἀγάπης,ἀγάπη,G0026,116
127659,1Pierre,5,14,εἰρήνη,εἰρήνη,G1515,92
127660,1Pierre,5,14,ὑμῖν,σύ,G4771,2896
127661,1Pierre,5,14,πᾶσιν,πᾶς,G3956,1236
127662,1Pierre,5,14,τοῖς,ὁ,G3588,19785
127663,1Pierre,5,14,ἐν,ἐν,G1722,2728
127664,1Pierre,5,14,Χριστῷ,Χριστός,G5547,529
